problem_id,category,base_tpr,vanilla_tpr,tpr_tpr,vanilla_vs_base_tpr,tpr_vs_base_tpr,tpr_vs_vanilla_tpr,base_passed_tests,vanilla_passed_tests,tpr_passed_tests,total_tests,base_status,vanilla_status,tpr_status,qualitative_score
deepcoder_taco_00417,tpr_only_improvement,0.0,0.0,0.9178082191780822,0.0,0.9178082191780822,0.9178082191780822,0,0,67,73,RUNTIME_ERROR,RUNTIME_ERROR,RUNTIME_ERROR,1.3767123287671232
deepcoder_taco_00379,vanilla_only_improvement,0.0,0.6862068965517242,0.0,0.6862068965517242,0.0,-0.6862068965517242,0,199,0,290,WRONG_ANSWER,WRONG_ANSWER,WRONG_ANSWER,1.0293103448275862
deepcoder_taco_00022,tpr_degraded,0.55,0.55,0.0,0.0,-0.55,-0.55,44,44,0,80,WRONG_ANSWER,WRONG_ANSWER,WRONG_ANSWER,0.8250000000000001
deepcoder_taco_00061,vanilla_degraded,0.6052631578947368,0.15789473684210525,0.6052631578947368,-0.4473684210526316,0.0,0.4473684210526316,69,18,69,114,WRONG_ANSWER,WRONG_ANSWER,WRONG_ANSWER,0.6710526315789473
deepcoder_taco_01069,both_equal_improvement,0.0,0.5127701375245579,0.5127701375245579,0.5127701375245579,0.5127701375245579,0.0,0,261,261,509,RUNTIME_ERROR,RUNTIME_ERROR,RUNTIME_ERROR,0.5127701375245579
deepcoder_taco_00330,tpr_dominant_improvement,0.10975609756097561,0.25609756097560976,0.5,0.14634146341463417,0.3902439024390244,0.24390243902439024,9,21,41,82,TIME_LIMIT_EXCEEDED,RUNTIME_ERROR,TIME_LIMIT_EXCEEDED,0.5121951219512195
deepcoder_taco_00020,both_equal_improvement,0.009433962264150943,0.36792452830188677,0.36792452830188677,0.3584905660377358,0.3584905660377358,0.0,1,39,39,106,WRONG_ANSWER,TIME_LIMIT_EXCEEDED,TIME_LIMIT_EXCEEDED,0.3584905660377358
deepcoder_taco_00881,vanilla_degraded,0.9568965517241379,0.7586206896551724,0.9568965517241379,-0.19827586206896552,0.0,0.19827586206896552,111,88,111,116,WRONG_ANSWER,WRONG_ANSWER,WRONG_ANSWER,0.2974137931034483
deepcoder_taco_01029,vanilla_only_improvement,0.0851063829787234,0.2765957446808511,0.0851063829787234,0.19148936170212766,0.0,-0.19148936170212766,8,26,8,94,WRONG_ANSWER,WRONG_ANSWER,WRONG_ANSWER,0.2872340425531915
deepcoder_taco_01025,vanilla_dominant_improvement,0.0,0.22377622377622378,0.18181818181818182,0.22377622377622378,0.18181818181818182,-0.04195804195804195,0,32,26,143,RUNTIME_ERROR,RUNTIME_ERROR,RUNTIME_ERROR,0.24475524475524474
deepcoder_taco_00030,both_degraded,0.22184300341296928,0.023890784982935155,0.10238907849829351,-0.19795221843003413,-0.11945392491467577,0.07849829351535836,65,7,30,293,WRONG_ANSWER,RUNTIME_ERROR,WRONG_ANSWER,0.23720136518771331
deepcoder_taco_01047,vanilla_only_improvement,0.13793103448275862,0.28735632183908044,0.13793103448275862,0.14942528735632182,0.0,-0.14942528735632182,12,25,12,87,WRONG_ANSWER,WRONG_ANSWER,WRONG_ANSWER,0.22413793103448273
deepcoder_taco_00412,tpr_dominant_improvement,0.0,0.046296296296296294,0.14814814814814814,0.046296296296296294,0.14814814814814814,0.10185185185185185,0,5,16,108,TIME_LIMIT_EXCEEDED,TIME_LIMIT_EXCEEDED,RUNTIME_ERROR,0.19907407407407407
deepcoder_taco_01113,both_degraded,0.1885245901639344,0.0,0.0,-0.1885245901639344,-0.1885245901639344,0.0,23,0,0,122,WRONG_ANSWER,RUNTIME_ERROR,RUNTIME_ERROR,0.1885245901639344
deepcoder_taco_00554,vanilla_dominant_improvement,0.0,0.125,0.009615384615384616,0.125,0.009615384615384616,-0.11538461538461539,0,13,1,104,RUNTIME_ERROR,WRONG_ANSWER,WRONG_ANSWER,0.1826923076923077
deepcoder_taco_00039,crossed,0.06451612903225806,0.13548387096774195,0.025806451612903226,0.07096774193548389,-0.03870967741935484,-0.10967741935483873,10,21,4,155,RUNTIME_ERROR,WRONG_ANSWER,RUNTIME_ERROR,0.1645161290322581
deepcoder_taco_01049,tpr_degraded,0.9901960784313726,0.9901960784313726,0.8823529411764706,0.0,-0.10784313725490202,-0.10784313725490202,101,101,90,102,WRONG_ANSWER,WRONG_ANSWER,WRONG_ANSWER,0.16176470588235303
deepcoder_taco_00581,tpr_degraded,0.12931034482758622,0.12931034482758622,0.034482758620689655,0.0,-0.09482758620689656,-0.09482758620689656,15,15,4,116,WRONG_ANSWER,WRONG_ANSWER,WRONG_ANSWER,0.14224137931034483
deepcoder_taco_00822,vanilla_degraded,0.10256410256410256,0.017094017094017096,0.10256410256410256,-0.08547008547008547,0.0,0.08547008547008547,12,2,12,117,RUNTIME_ERROR,WRONG_ANSWER,WRONG_ANSWER,0.1282051282051282
deepcoder_taco_00334,both_degraded,0.15748031496062992,0.031496062992125984,0.031496062992125984,-0.12598425196850394,-0.12598425196850394,0.0,20,4,4,127,WRONG_ANSWER,WRONG_ANSWER,WRONG_ANSWER,0.12598425196850394
deepcoder_taco_00211,tpr_degraded,0.5778894472361809,0.5778894472361809,0.5125628140703518,0.0,-0.0653266331658291,-0.0653266331658291,115,115,102,199,WRONG_ANSWER,WRONG_ANSWER,RUNTIME_ERROR,0.09798994974874364
deepcoder_taco_00040,tpr_only_improvement,0.0,0.0,0.04950495049504951,0.0,0.04950495049504951,0.04950495049504951,0,0,10,202,WRONG_ANSWER,WRONG_ANSWER,WRONG_ANSWER,0.07425742574257427
deepcoder_taco_00600,vanilla_only_improvement,0.0,0.04950495049504951,0.0,0.04950495049504951,0.0,-0.04950495049504951,0,5,0,101,RUNTIME_ERROR,RUNTIME_ERROR,RUNTIME_ERROR,0.07425742574257427
deepcoder_taco_00909,both_equal_improvement,0.0,0.07264957264957266,0.07264957264957266,0.07264957264957266,0.07264957264957266,0.0,0,17,17,234,WRONG_ANSWER,WRONG_ANSWER,WRONG_ANSWER,0.07264957264957266
deepcoder_taco_00044,both_degraded,0.10096153846153846,0.052884615384615384,0.038461538461538464,-0.04807692307692308,-0.0625,-0.01442307692307692,21,11,8,208,WRONG_ANSWER,WRONG_ANSWER,WRONG_ANSWER,0.06971153846153846
deepcoder_taco_00886,tpr_dominant_improvement,0.0297029702970297,0.04950495049504951,0.07920792079207921,0.019801980198019806,0.04950495049504951,0.0297029702970297,3,5,8,101,RUNTIME_ERROR,WRONG_ANSWER,WRONG_ANSWER,0.06435643564356436
deepcoder_taco_00001,vanilla_only_improvement,0.0,0.038834951456310676,0.0,0.038834951456310676,0.0,-0.038834951456310676,0,4,0,103,RUNTIME_ERROR,WRONG_ANSWER,RUNTIME_ERROR,0.058252427184466014
deepcoder_taco_00907,both_degraded,0.05,0.0,0.0,-0.05,-0.05,0.0,4,0,0,80,WRONG_ANSWER,WRONG_ANSWER,WRONG_ANSWER,0.05
deepcoder_taco_00691,vanilla_degraded,0.030303030303030304,0.0,0.030303030303030304,-0.030303030303030304,0.0,0.030303030303030304,3,0,3,99,RUNTIME_ERROR,RUNTIME_ERROR,RUNTIME_ERROR,0.045454545454545456
deepcoder_taco_00472,tpr_dominant_improvement,0.04918032786885246,0.07377049180327869,0.08196721311475409,0.02459016393442623,0.032786885245901634,0.008196721311475405,6,9,10,122,TIME_LIMIT_EXCEEDED,TIME_LIMIT_EXCEEDED,RUNTIME_ERROR,0.03688524590163934
deepcoder_taco_00171,tpr_only_improvement,0.43478260869565216,0.43478260869565216,0.45652173913043476,0.0,0.021739130434782594,0.021739130434782594,40,40,42,92,WRONG_ANSWER,WRONG_ANSWER,WRONG_ANSWER,0.03260869565217389
deepcoder_taco_01082,both_equal_improvement,0.009259259259259259,0.027777777777777776,0.027777777777777776,0.018518518518518517,0.018518518518518517,0.0,1,3,3,108,RUNTIME_ERROR,WRONG_ANSWER,WRONG_ANSWER,0.018518518518518517
deepcoder_taco_00583,tpr_only_improvement,0.0,0.0,0.00980392156862745,0.0,0.00980392156862745,0.00980392156862745,0,0,1,102,WRONG_ANSWER,WRONG_ANSWER,WRONG_ANSWER,0.014705882352941176
deepcoder_taco_00301,vanilla_only_improvement,0.009708737864077669,0.019417475728155338,0.009708737864077669,0.009708737864077669,0.0,-0.009708737864077669,1,2,1,103,WRONG_ANSWER,RUNTIME_ERROR,WRONG_ANSWER,0.014563106796116504
deepcoder_taco_00575,tpr_only_improvement,0.0,0.0,0.009708737864077669,0.0,0.009708737864077669,0.009708737864077669,0,0,1,103,WRONG_ANSWER,WRONG_ANSWER,WRONG_ANSWER,0.014563106796116504
deepcoder_taco_00377,both_degraded,0.9152542372881356,0.9067796610169492,0.9067796610169492,-0.008474576271186418,-0.008474576271186418,0.0,108,107,107,118,WRONG_ANSWER,TIME_LIMIT_EXCEEDED,TIME_LIMIT_EXCEEDED,0.008474576271186418
deepcoder_taco_00212,tpr_only_improvement,0.0,0.0,0.00510204081632653,0.0,0.00510204081632653,0.00510204081632653,0,0,1,196,WRONG_ANSWER,WRONG_ANSWER,TIME_LIMIT_EXCEEDED,0.007653061224489796
deepcoder_taco_00716,vanilla_only_improvement,0.0048543689320388345,0.009708737864077669,0.0048543689320388345,0.0048543689320388345,0.0,-0.0048543689320388345,1,2,1,206,WRONG_ANSWER,TIME_LIMIT_EXCEEDED,WRONG_ANSWER,0.007281553398058252
deepcoder_taco_00057,unchanged_nonzero,0.8349514563106796,0.8349514563106796,0.8349514563106796,0.0,0.0,0.0,86,86,86,103,WRONG_ANSWER,WRONG_ANSWER,WRONG_ANSWER,0.0
deepcoder_taco_00064,unchanged_nonzero,0.570694087403599,0.570694087403599,0.570694087403599,0.0,0.0,0.0,222,222,222,389,WRONG_ANSWER,WRONG_ANSWER,WRONG_ANSWER,0.0
deepcoder_taco_00088,all_zero,0.0,0.0,0.0,0.0,0.0,0.0,0,0,0,130,TIME_LIMIT_EXCEEDED,TIME_LIMIT_EXCEEDED,TIME_LIMIT_EXCEEDED,0.0
deepcoder_taco_00132,all_zero,0.0,0.0,0.0,0.0,0.0,0.0,0,0,0,102,WRONG_ANSWER,WRONG_ANSWER,WRONG_ANSWER,0.0
deepcoder_taco_00200,unchanged_nonzero,0.07894736842105263,0.07894736842105263,0.07894736842105263,0.0,0.0,0.0,15,15,15,190,WRONG_ANSWER,WRONG_ANSWER,WRONG_ANSWER,0.0
deepcoder_taco_00203,all_zero,0.0,0.0,0.0,0.0,0.0,0.0,0,0,0,101,RUNTIME_ERROR,RUNTIME_ERROR,RUNTIME_ERROR,0.0
deepcoder_taco_00216,all_zero,0.0,0.0,0.0,0.0,0.0,0.0,0,0,0,51,RUNTIME_ERROR,RUNTIME_ERROR,RUNTIME_ERROR,0.0
deepcoder_taco_00229,unchanged_nonzero,0.21739130434782608,0.21739130434782608,0.21739130434782608,0.0,0.0,0.0,30,30,30,138,WRONG_ANSWER,WRONG_ANSWER,WRONG_ANSWER,0.0
deepcoder_taco_00231,all_zero,0.0,0.0,0.0,0.0,0.0,0.0,0,0,0,102,WRONG_ANSWER,WRONG_ANSWER,WRONG_ANSWER,0.0
deepcoder_taco_00239,unchanged_nonzero,0.00980392156862745,0.00980392156862745,0.00980392156862745,0.0,0.0,0.0,1,1,1,102,RUNTIME_ERROR,RUNTIME_ERROR,RUNTIME_ERROR,0.0
deepcoder_taco_00251,unchanged_nonzero,0.23333333333333334,0.23333333333333334,0.23333333333333334,0.0,0.0,0.0,21,21,21,90,WRONG_ANSWER,WRONG_ANSWER,WRONG_ANSWER,0.0
deepcoder_taco_00280,all_zero,0.0,0.0,0.0,0.0,0.0,0.0,0,0,0,123,RUNTIME_ERROR,WRONG_ANSWER,RUNTIME_ERROR,0.0
deepcoder_taco_00340,unchanged_nonzero,0.019230769230769232,0.019230769230769232,0.019230769230769232,0.0,0.0,0.0,2,2,2,104,WRONG_ANSWER,WRONG_ANSWER,WRONG_ANSWER,0.0
deepcoder_taco_00395,all_zero,0.0,0.0,0.0,0.0,0.0,0.0,0,0,0,264,WRONG_ANSWER,WRONG_ANSWER,WRONG_ANSWER,0.0
deepcoder_taco_00402,unchanged_nonzero,0.8349514563106796,0.8349514563106796,0.8349514563106796,0.0,0.0,0.0,86,86,86,103,WRONG_ANSWER,WRONG_ANSWER,WRONG_ANSWER,0.0
deepcoder_taco_00413,all_zero,0.0,0.0,0.0,0.0,0.0,0.0,0,0,0,67,RUNTIME_ERROR,RUNTIME_ERROR,RUNTIME_ERROR,0.0
deepcoder_taco_00437,all_zero,0.0,0.0,0.0,0.0,0.0,0.0,0,0,0,101,WRONG_ANSWER,RUNTIME_ERROR,RUNTIME_ERROR,0.0
deepcoder_taco_00451,all_zero,0.0,0.0,0.0,0.0,0.0,0.0,0,0,0,101,RUNTIME_ERROR,RUNTIME_ERROR,RUNTIME_ERROR,0.0
deepcoder_taco_00476,unchanged_nonzero,0.032467532467532464,0.032467532467532464,0.032467532467532464,0.0,0.0,0.0,5,5,5,154,TIME_LIMIT_EXCEEDED,TIME_LIMIT_EXCEEDED,TIME_LIMIT_EXCEEDED,0.0
deepcoder_taco_00515,unchanged_nonzero,0.39349112426035504,0.39349112426035504,0.39349112426035504,0.0,0.0,0.0,133,133,133,338,WRONG_ANSWER,WRONG_ANSWER,WRONG_ANSWER,0.0
deepcoder_taco_00534,all_zero,0.0,0.0,0.0,0.0,0.0,0.0,0,0,0,102,RUNTIME_ERROR,RUNTIME_ERROR,RUNTIME_ERROR,0.0
deepcoder_taco_00535,unchanged_nonzero,0.40588235294117647,0.40588235294117647,0.40588235294117647,0.0,0.0,0.0,69,69,69,170,RUNTIME_ERROR,RUNTIME_ERROR,RUNTIME_ERROR,0.0
deepcoder_taco_00547,unchanged_nonzero,0.9382022471910112,0.9382022471910112,0.9382022471910112,0.0,0.0,0.0,167,167,167,178,WRONG_ANSWER,WRONG_ANSWER,WRONG_ANSWER,0.0
deepcoder_taco_00582,all_zero,0.0,0.0,0.0,0.0,0.0,0.0,0,0,0,63,RUNTIME_ERROR,RUNTIME_ERROR,RUNTIME_ERROR,0.0
deepcoder_taco_00605,unchanged_nonzero,0.008333333333333333,0.008333333333333333,0.008333333333333333,0.0,0.0,0.0,1,1,1,120,WRONG_ANSWER,WRONG_ANSWER,WRONG_ANSWER,0.0
deepcoder_taco_00617,all_zero,0.0,0.0,0.0,0.0,0.0,0.0,0,0,0,101,RUNTIME_ERROR,RUNTIME_ERROR,RUNTIME_ERROR,0.0
deepcoder_taco_00668,all_zero,0.0,0.0,0.0,0.0,0.0,0.0,0,0,0,101,RUNTIME_ERROR,RUNTIME_ERROR,RUNTIME_ERROR,0.0
deepcoder_taco_00671,unchanged_nonzero,0.1,0.1,0.1,0.0,0.0,0.0,2,2,2,20,WRONG_ANSWER,WRONG_ANSWER,WRONG_ANSWER,0.0
deepcoder_taco_00679,all_zero,0.0,0.0,0.0,0.0,0.0,0.0,0,0,0,103,RUNTIME_ERROR,RUNTIME_ERROR,RUNTIME_ERROR,0.0
deepcoder_taco_00698,all_zero,0.0,0.0,0.0,0.0,0.0,0.0,0,0,0,66,WRONG_ANSWER,WRONG_ANSWER,WRONG_ANSWER,0.0
deepcoder_taco_00699,all_zero,0.0,0.0,0.0,0.0,0.0,0.0,0,0,0,202,RUNTIME_ERROR,RUNTIME_ERROR,WRONG_ANSWER,0.0
deepcoder_taco_00726,all_zero,0.0,0.0,0.0,0.0,0.0,0.0,0,0,0,99,WRONG_ANSWER,WRONG_ANSWER,WRONG_ANSWER,0.0
deepcoder_taco_00764,unchanged_nonzero,0.9603960396039604,0.9603960396039604,0.9603960396039604,0.0,0.0,0.0,97,97,97,101,RUNTIME_ERROR,RUNTIME_ERROR,RUNTIME_ERROR,0.0
deepcoder_taco_00801,unchanged_nonzero,0.32142857142857145,0.32142857142857145,0.32142857142857145,0.0,0.0,0.0,27,27,27,84,WRONG_ANSWER,WRONG_ANSWER,WRONG_ANSWER,0.0
deepcoder_taco_00831,unchanged_nonzero,0.5609756097560976,0.5609756097560976,0.5609756097560976,0.0,0.0,0.0,46,46,46,82,WRONG_ANSWER,WRONG_ANSWER,WRONG_ANSWER,0.0
deepcoder_taco_00845,all_zero,0.0,0.0,0.0,0.0,0.0,0.0,0,0,0,66,RUNTIME_ERROR,RUNTIME_ERROR,RUNTIME_ERROR,0.0
deepcoder_taco_00855,all_zero,0.0,0.0,0.0,0.0,0.0,0.0,0,0,0,204,WRONG_ANSWER,WRONG_ANSWER,WRONG_ANSWER,0.0
deepcoder_taco_00864,unchanged_nonzero,0.03409090909090909,0.03409090909090909,0.03409090909090909,0.0,0.0,0.0,3,3,3,88,RUNTIME_ERROR,RUNTIME_ERROR,RUNTIME_ERROR,0.0
deepcoder_taco_00874,unchanged_nonzero,0.23529411764705882,0.23529411764705882,0.23529411764705882,0.0,0.0,0.0,12,12,12,51,RUNTIME_ERROR,RUNTIME_ERROR,RUNTIME_ERROR,0.0
deepcoder_taco_00877,all_zero,0.0,0.0,0.0,0.0,0.0,0.0,0,0,0,112,RUNTIME_ERROR,RUNTIME_ERROR,RUNTIME_ERROR,0.0
deepcoder_taco_00888,all_zero,0.0,0.0,0.0,0.0,0.0,0.0,0,0,0,66,WRONG_ANSWER,WRONG_ANSWER,WRONG_ANSWER,0.0
deepcoder_taco_00892,all_zero,0.0,0.0,0.0,0.0,0.0,0.0,0,0,0,68,RUNTIME_ERROR,RUNTIME_ERROR,RUNTIME_ERROR,0.0
deepcoder_taco_00906,unchanged_nonzero,0.010101010101010102,0.010101010101010102,0.010101010101010102,0.0,0.0,0.0,1,1,1,99,WRONG_ANSWER,WRONG_ANSWER,WRONG_ANSWER,0.0
deepcoder_taco_00914,unchanged_nonzero,0.8706896551724138,0.8706896551724138,0.8706896551724138,0.0,0.0,0.0,101,101,101,116,WRONG_ANSWER,WRONG_ANSWER,WRONG_ANSWER,0.0
deepcoder_taco_00929,all_zero,0.0,0.0,0.0,0.0,0.0,0.0,0,0,0,91,WRONG_ANSWER,WRONG_ANSWER,WRONG_ANSWER,0.0
deepcoder_taco_00967,unchanged_nonzero,0.9642857142857143,0.9642857142857143,0.9642857142857143,0.0,0.0,0.0,108,108,108,112,TIME_LIMIT_EXCEEDED,TIME_LIMIT_EXCEEDED,TIME_LIMIT_EXCEEDED,0.0
deepcoder_taco_00973,unchanged_nonzero,0.26548672566371684,0.26548672566371684,0.26548672566371684,0.0,0.0,0.0,30,30,30,113,WRONG_ANSWER,WRONG_ANSWER,WRONG_ANSWER,0.0
deepcoder_taco_01010,all_zero,0.0,0.0,0.0,0.0,0.0,0.0,0,0,0,102,WRONG_ANSWER,WRONG_ANSWER,WRONG_ANSWER,0.0
deepcoder_taco_01030,all_zero,0.0,0.0,0.0,0.0,0.0,0.0,0,0,0,94,RUNTIME_ERROR,RUNTIME_ERROR,RUNTIME_ERROR,0.0
deepcoder_taco_01063,unchanged_nonzero,0.1509433962264151,0.1509433962264151,0.1509433962264151,0.0,0.0,0.0,24,24,24,159,WRONG_ANSWER,WRONG_ANSWER,WRONG_ANSWER,0.0
deepcoder_taco_01065,unchanged_nonzero,0.015384615384615385,0.015384615384615385,0.015384615384615385,0.0,0.0,0.0,1,1,1,65,WRONG_ANSWER,WRONG_ANSWER,WRONG_ANSWER,0.0
