problem_id,transition,description,base_passed,vanilla_passed,tpr_passed,base_tpr,vanilla_tpr,tpr_tpr,vanilla_vs_base_tpr,tpr_vs_base_tpr,tpr_vs_vanilla_tpr,base_status,vanilla_status,tpr_status,base_plan_found,vanilla_plan_found,tpr_plan_found
deepcoder_taco_00417,FFF,persistent_failure,False,False,False,0.0,0.0,0.9178082191780822,0.0,0.9178082191780822,0.9178082191780822,RUNTIME_ERROR,RUNTIME_ERROR,RUNTIME_ERROR,True,True,True
deepcoder_taco_00022,FFF,persistent_failure,False,False,False,0.55,0.55,0.0,0.0,-0.55,-0.55,WRONG_ANSWER,WRONG_ANSWER,WRONG_ANSWER,True,True,True
deepcoder_taco_01069,FFF,persistent_failure,False,False,False,0.0,0.5127701375245579,0.5127701375245579,0.5127701375245579,0.5127701375245579,0.0,RUNTIME_ERROR,RUNTIME_ERROR,RUNTIME_ERROR,True,True,True
deepcoder_taco_00330,FFF,persistent_failure,False,False,False,0.10975609756097561,0.25609756097560976,0.5,0.14634146341463417,0.3902439024390244,0.24390243902439024,TIME_LIMIT_EXCEEDED,RUNTIME_ERROR,TIME_LIMIT_EXCEEDED,True,True,True
deepcoder_taco_00020,FFF,persistent_failure,False,False,False,0.009433962264150943,0.36792452830188677,0.36792452830188677,0.3584905660377358,0.3584905660377358,0.0,WRONG_ANSWER,TIME_LIMIT_EXCEEDED,TIME_LIMIT_EXCEEDED,True,True,True
deepcoder_taco_01113,FFF,persistent_failure,False,False,False,0.1885245901639344,0.0,0.0,-0.1885245901639344,-0.1885245901639344,0.0,WRONG_ANSWER,RUNTIME_ERROR,RUNTIME_ERROR,True,True,True
deepcoder_taco_01025,FFF,persistent_failure,False,False,False,0.0,0.22377622377622378,0.18181818181818182,0.22377622377622378,0.18181818181818182,-0.04195804195804195,RUNTIME_ERROR,RUNTIME_ERROR,RUNTIME_ERROR,True,True,True
deepcoder_taco_00412,FFF,persistent_failure,False,False,False,0.0,0.046296296296296294,0.14814814814814814,0.046296296296296294,0.14814814814814814,0.10185185185185185,TIME_LIMIT_EXCEEDED,TIME_LIMIT_EXCEEDED,RUNTIME_ERROR,True,True,True
deepcoder_taco_00334,FFF,persistent_failure,False,False,False,0.15748031496062992,0.031496062992125984,0.031496062992125984,-0.12598425196850394,-0.12598425196850394,0.0,WRONG_ANSWER,WRONG_ANSWER,WRONG_ANSWER,True,True,True
deepcoder_taco_00030,FFF,persistent_failure,False,False,False,0.22184300341296928,0.023890784982935155,0.10238907849829351,-0.19795221843003413,-0.11945392491467577,0.07849829351535836,WRONG_ANSWER,RUNTIME_ERROR,WRONG_ANSWER,True,True,True
deepcoder_taco_01049,FFF,persistent_failure,False,False,False,0.9901960784313726,0.9901960784313726,0.8823529411764706,0.0,-0.10784313725490202,-0.10784313725490202,WRONG_ANSWER,WRONG_ANSWER,WRONG_ANSWER,True,True,True
deepcoder_taco_00581,FFF,persistent_failure,False,False,False,0.12931034482758622,0.12931034482758622,0.034482758620689655,0.0,-0.09482758620689656,-0.09482758620689656,WRONG_ANSWER,WRONG_ANSWER,WRONG_ANSWER,True,True,True
deepcoder_taco_00909,FFF,persistent_failure,False,False,False,0.0,0.07264957264957266,0.07264957264957266,0.07264957264957266,0.07264957264957266,0.0,WRONG_ANSWER,WRONG_ANSWER,WRONG_ANSWER,True,True,True
deepcoder_taco_00211,FFF,persistent_failure,False,False,False,0.5778894472361809,0.5778894472361809,0.5125628140703518,0.0,-0.0653266331658291,-0.0653266331658291,WRONG_ANSWER,WRONG_ANSWER,RUNTIME_ERROR,True,True,True
deepcoder_taco_00044,FFF,persistent_failure,False,False,False,0.10096153846153846,0.052884615384615384,0.038461538461538464,-0.04807692307692308,-0.0625,-0.01442307692307692,WRONG_ANSWER,WRONG_ANSWER,WRONG_ANSWER,True,True,True
deepcoder_taco_00907,FFF,persistent_failure,False,False,False,0.05,0.0,0.0,-0.05,-0.05,0.0,WRONG_ANSWER,WRONG_ANSWER,WRONG_ANSWER,True,True,True
deepcoder_taco_00040,FFF,persistent_failure,False,False,False,0.0,0.0,0.04950495049504951,0.0,0.04950495049504951,0.04950495049504951,WRONG_ANSWER,WRONG_ANSWER,WRONG_ANSWER,True,True,True
deepcoder_taco_00886,FFF,persistent_failure,False,False,False,0.0297029702970297,0.04950495049504951,0.07920792079207921,0.019801980198019806,0.04950495049504951,0.0297029702970297,RUNTIME_ERROR,WRONG_ANSWER,WRONG_ANSWER,True,True,True
deepcoder_taco_00039,FFF,persistent_failure,False,False,False,0.06451612903225806,0.13548387096774195,0.025806451612903226,0.07096774193548389,-0.03870967741935484,-0.10967741935483873,RUNTIME_ERROR,WRONG_ANSWER,RUNTIME_ERROR,True,True,True
deepcoder_taco_00472,FFF,persistent_failure,False,False,False,0.04918032786885246,0.07377049180327869,0.08196721311475409,0.02459016393442623,0.032786885245901634,0.008196721311475405,TIME_LIMIT_EXCEEDED,TIME_LIMIT_EXCEEDED,RUNTIME_ERROR,True,True,True
deepcoder_taco_00171,FFF,persistent_failure,False,False,False,0.43478260869565216,0.43478260869565216,0.45652173913043476,0.0,0.021739130434782594,0.021739130434782594,WRONG_ANSWER,WRONG_ANSWER,WRONG_ANSWER,True,True,True
deepcoder_taco_01082,FFF,persistent_failure,False,False,False,0.009259259259259259,0.027777777777777776,0.027777777777777776,0.018518518518518517,0.018518518518518517,0.0,RUNTIME_ERROR,WRONG_ANSWER,WRONG_ANSWER,True,True,True
deepcoder_taco_00583,FFF,persistent_failure,False,False,False,0.0,0.0,0.00980392156862745,0.0,0.00980392156862745,0.00980392156862745,WRONG_ANSWER,WRONG_ANSWER,WRONG_ANSWER,True,True,True
deepcoder_taco_00575,FFF,persistent_failure,False,False,False,0.0,0.0,0.009708737864077669,0.0,0.009708737864077669,0.009708737864077669,WRONG_ANSWER,WRONG_ANSWER,WRONG_ANSWER,True,True,True
deepcoder_taco_00554,FFF,persistent_failure,False,False,False,0.0,0.125,0.009615384615384616,0.125,0.009615384615384616,-0.11538461538461539,RUNTIME_ERROR,WRONG_ANSWER,WRONG_ANSWER,True,True,True
deepcoder_taco_00377,FFF,persistent_failure,False,False,False,0.9152542372881356,0.9067796610169492,0.9067796610169492,-0.008474576271186418,-0.008474576271186418,0.0,WRONG_ANSWER,TIME_LIMIT_EXCEEDED,TIME_LIMIT_EXCEEDED,True,True,True
deepcoder_taco_00212,FFF,persistent_failure,False,False,False,0.0,0.0,0.00510204081632653,0.0,0.00510204081632653,0.00510204081632653,WRONG_ANSWER,WRONG_ANSWER,TIME_LIMIT_EXCEEDED,True,True,True
deepcoder_taco_00001,FFF,persistent_failure,False,False,False,0.0,0.038834951456310676,0.0,0.038834951456310676,0.0,-0.038834951456310676,RUNTIME_ERROR,WRONG_ANSWER,RUNTIME_ERROR,True,True,True
deepcoder_taco_00057,FFF,persistent_failure,False,False,False,0.8349514563106796,0.8349514563106796,0.8349514563106796,0.0,0.0,0.0,WRONG_ANSWER,WRONG_ANSWER,WRONG_ANSWER,True,True,True
deepcoder_taco_00061,FFF,persistent_failure,False,False,False,0.6052631578947368,0.15789473684210525,0.6052631578947368,-0.4473684210526316,0.0,0.4473684210526316,WRONG_ANSWER,WRONG_ANSWER,WRONG_ANSWER,True,True,True
deepcoder_taco_00064,FFF,persistent_failure,False,False,False,0.570694087403599,0.570694087403599,0.570694087403599,0.0,0.0,0.0,WRONG_ANSWER,WRONG_ANSWER,WRONG_ANSWER,True,True,True
deepcoder_taco_00088,FFF,persistent_failure,False,False,False,0.0,0.0,0.0,0.0,0.0,0.0,TIME_LIMIT_EXCEEDED,TIME_LIMIT_EXCEEDED,TIME_LIMIT_EXCEEDED,True,True,True
deepcoder_taco_00132,FFF,persistent_failure,False,False,False,0.0,0.0,0.0,0.0,0.0,0.0,WRONG_ANSWER,WRONG_ANSWER,WRONG_ANSWER,True,True,True
deepcoder_taco_00200,FFF,persistent_failure,False,False,False,0.07894736842105263,0.07894736842105263,0.07894736842105263,0.0,0.0,0.0,WRONG_ANSWER,WRONG_ANSWER,WRONG_ANSWER,True,True,True
deepcoder_taco_00203,FFF,persistent_failure,False,False,False,0.0,0.0,0.0,0.0,0.0,0.0,RUNTIME_ERROR,RUNTIME_ERROR,RUNTIME_ERROR,True,True,True
deepcoder_taco_00216,FFF,persistent_failure,False,False,False,0.0,0.0,0.0,0.0,0.0,0.0,RUNTIME_ERROR,RUNTIME_ERROR,RUNTIME_ERROR,True,True,True
deepcoder_taco_00229,FFF,persistent_failure,False,False,False,0.21739130434782608,0.21739130434782608,0.21739130434782608,0.0,0.0,0.0,WRONG_ANSWER,WRONG_ANSWER,WRONG_ANSWER,True,True,True
deepcoder_taco_00231,FFF,persistent_failure,False,False,False,0.0,0.0,0.0,0.0,0.0,0.0,WRONG_ANSWER,WRONG_ANSWER,WRONG_ANSWER,True,True,True
deepcoder_taco_00239,FFF,persistent_failure,False,False,False,0.00980392156862745,0.00980392156862745,0.00980392156862745,0.0,0.0,0.0,RUNTIME_ERROR,RUNTIME_ERROR,RUNTIME_ERROR,True,True,True
deepcoder_taco_00251,FFF,persistent_failure,False,False,False,0.23333333333333334,0.23333333333333334,0.23333333333333334,0.0,0.0,0.0,WRONG_ANSWER,WRONG_ANSWER,WRONG_ANSWER,True,True,True
deepcoder_taco_00280,FFF,persistent_failure,False,False,False,0.0,0.0,0.0,0.0,0.0,0.0,RUNTIME_ERROR,WRONG_ANSWER,RUNTIME_ERROR,True,True,True
deepcoder_taco_00301,FFF,persistent_failure,False,False,False,0.009708737864077669,0.019417475728155338,0.009708737864077669,0.009708737864077669,0.0,-0.009708737864077669,WRONG_ANSWER,RUNTIME_ERROR,WRONG_ANSWER,True,True,True
deepcoder_taco_00340,FFF,persistent_failure,False,False,False,0.019230769230769232,0.019230769230769232,0.019230769230769232,0.0,0.0,0.0,WRONG_ANSWER,WRONG_ANSWER,WRONG_ANSWER,True,True,True
deepcoder_taco_00379,FFF,persistent_failure,False,False,False,0.0,0.6862068965517242,0.0,0.6862068965517242,0.0,-0.6862068965517242,WRONG_ANSWER,WRONG_ANSWER,WRONG_ANSWER,True,True,True
deepcoder_taco_00395,FFF,persistent_failure,False,False,False,0.0,0.0,0.0,0.0,0.0,0.0,WRONG_ANSWER,WRONG_ANSWER,WRONG_ANSWER,True,True,True
deepcoder_taco_00402,FFF,persistent_failure,False,False,False,0.8349514563106796,0.8349514563106796,0.8349514563106796,0.0,0.0,0.0,WRONG_ANSWER,WRONG_ANSWER,WRONG_ANSWER,True,True,True
deepcoder_taco_00413,FFF,persistent_failure,False,False,False,0.0,0.0,0.0,0.0,0.0,0.0,RUNTIME_ERROR,RUNTIME_ERROR,RUNTIME_ERROR,True,True,True
deepcoder_taco_00437,FFF,persistent_failure,False,False,False,0.0,0.0,0.0,0.0,0.0,0.0,WRONG_ANSWER,RUNTIME_ERROR,RUNTIME_ERROR,True,True,True
deepcoder_taco_00451,FFF,persistent_failure,False,False,False,0.0,0.0,0.0,0.0,0.0,0.0,RUNTIME_ERROR,RUNTIME_ERROR,RUNTIME_ERROR,True,True,True
deepcoder_taco_00476,FFF,persistent_failure,False,False,False,0.032467532467532464,0.032467532467532464,0.032467532467532464,0.0,0.0,0.0,TIME_LIMIT_EXCEEDED,TIME_LIMIT_EXCEEDED,TIME_LIMIT_EXCEEDED,True,True,True
deepcoder_taco_00515,FFF,persistent_failure,False,False,False,0.39349112426035504,0.39349112426035504,0.39349112426035504,0.0,0.0,0.0,WRONG_ANSWER,WRONG_ANSWER,WRONG_ANSWER,True,True,True
deepcoder_taco_00534,FFF,persistent_failure,False,False,False,0.0,0.0,0.0,0.0,0.0,0.0,RUNTIME_ERROR,RUNTIME_ERROR,RUNTIME_ERROR,True,True,True
deepcoder_taco_00535,FFF,persistent_failure,False,False,False,0.40588235294117647,0.40588235294117647,0.40588235294117647,0.0,0.0,0.0,RUNTIME_ERROR,RUNTIME_ERROR,RUNTIME_ERROR,True,True,True
deepcoder_taco_00547,FFF,persistent_failure,False,False,False,0.9382022471910112,0.9382022471910112,0.9382022471910112,0.0,0.0,0.0,WRONG_ANSWER,WRONG_ANSWER,WRONG_ANSWER,True,True,True
deepcoder_taco_00582,FFF,persistent_failure,False,False,False,0.0,0.0,0.0,0.0,0.0,0.0,RUNTIME_ERROR,RUNTIME_ERROR,RUNTIME_ERROR,True,True,True
deepcoder_taco_00600,FFF,persistent_failure,False,False,False,0.0,0.04950495049504951,0.0,0.04950495049504951,0.0,-0.04950495049504951,RUNTIME_ERROR,RUNTIME_ERROR,RUNTIME_ERROR,True,True,True
deepcoder_taco_00605,FFF,persistent_failure,False,False,False,0.008333333333333333,0.008333333333333333,0.008333333333333333,0.0,0.0,0.0,WRONG_ANSWER,WRONG_ANSWER,WRONG_ANSWER,True,True,True
deepcoder_taco_00617,FFF,persistent_failure,False,False,False,0.0,0.0,0.0,0.0,0.0,0.0,RUNTIME_ERROR,RUNTIME_ERROR,RUNTIME_ERROR,True,True,True
deepcoder_taco_00668,FFF,persistent_failure,False,False,False,0.0,0.0,0.0,0.0,0.0,0.0,RUNTIME_ERROR,RUNTIME_ERROR,RUNTIME_ERROR,True,True,True
deepcoder_taco_00671,FFF,persistent_failure,False,False,False,0.1,0.1,0.1,0.0,0.0,0.0,WRONG_ANSWER,WRONG_ANSWER,WRONG_ANSWER,True,True,True
deepcoder_taco_00679,FFF,persistent_failure,False,False,False,0.0,0.0,0.0,0.0,0.0,0.0,RUNTIME_ERROR,RUNTIME_ERROR,RUNTIME_ERROR,True,True,True
deepcoder_taco_00691,FFF,persistent_failure,False,False,False,0.030303030303030304,0.0,0.030303030303030304,-0.030303030303030304,0.0,0.030303030303030304,RUNTIME_ERROR,RUNTIME_ERROR,RUNTIME_ERROR,True,True,True
deepcoder_taco_00698,FFF,persistent_failure,False,False,False,0.0,0.0,0.0,0.0,0.0,0.0,WRONG_ANSWER,WRONG_ANSWER,WRONG_ANSWER,True,True,True
deepcoder_taco_00699,FFF,persistent_failure,False,False,False,0.0,0.0,0.0,0.0,0.0,0.0,RUNTIME_ERROR,RUNTIME_ERROR,WRONG_ANSWER,True,True,True
deepcoder_taco_00716,FFF,persistent_failure,False,False,False,0.0048543689320388345,0.009708737864077669,0.0048543689320388345,0.0048543689320388345,0.0,-0.0048543689320388345,WRONG_ANSWER,TIME_LIMIT_EXCEEDED,WRONG_ANSWER,True,True,True
deepcoder_taco_00726,FFF,persistent_failure,False,False,False,0.0,0.0,0.0,0.0,0.0,0.0,WRONG_ANSWER,WRONG_ANSWER,WRONG_ANSWER,True,True,True
deepcoder_taco_00764,FFF,persistent_failure,False,False,False,0.9603960396039604,0.9603960396039604,0.9603960396039604,0.0,0.0,0.0,RUNTIME_ERROR,RUNTIME_ERROR,RUNTIME_ERROR,True,True,True
deepcoder_taco_00801,FFF,persistent_failure,False,False,False,0.32142857142857145,0.32142857142857145,0.32142857142857145,0.0,0.0,0.0,WRONG_ANSWER,WRONG_ANSWER,WRONG_ANSWER,True,True,True
deepcoder_taco_00822,FFF,persistent_failure,False,False,False,0.10256410256410256,0.017094017094017096,0.10256410256410256,-0.08547008547008547,0.0,0.08547008547008547,RUNTIME_ERROR,WRONG_ANSWER,WRONG_ANSWER,True,True,True
deepcoder_taco_00831,FFF,persistent_failure,False,False,False,0.5609756097560976,0.5609756097560976,0.5609756097560976,0.0,0.0,0.0,WRONG_ANSWER,WRONG_ANSWER,WRONG_ANSWER,True,True,True
deepcoder_taco_00845,FFF,persistent_failure,False,False,False,0.0,0.0,0.0,0.0,0.0,0.0,RUNTIME_ERROR,RUNTIME_ERROR,RUNTIME_ERROR,True,True,True
deepcoder_taco_00855,FFF,persistent_failure,False,False,False,0.0,0.0,0.0,0.0,0.0,0.0,WRONG_ANSWER,WRONG_ANSWER,WRONG_ANSWER,True,True,True
deepcoder_taco_00864,FFF,persistent_failure,False,False,False,0.03409090909090909,0.03409090909090909,0.03409090909090909,0.0,0.0,0.0,RUNTIME_ERROR,RUNTIME_ERROR,RUNTIME_ERROR,True,True,True
deepcoder_taco_00874,FFF,persistent_failure,False,False,False,0.23529411764705882,0.23529411764705882,0.23529411764705882,0.0,0.0,0.0,RUNTIME_ERROR,RUNTIME_ERROR,RUNTIME_ERROR,True,True,True
deepcoder_taco_00877,FFF,persistent_failure,False,False,False,0.0,0.0,0.0,0.0,0.0,0.0,RUNTIME_ERROR,RUNTIME_ERROR,RUNTIME_ERROR,True,True,True
deepcoder_taco_00881,FFF,persistent_failure,False,False,False,0.9568965517241379,0.7586206896551724,0.9568965517241379,-0.19827586206896552,0.0,0.19827586206896552,WRONG_ANSWER,WRONG_ANSWER,WRONG_ANSWER,True,True,True
deepcoder_taco_00888,FFF,persistent_failure,False,False,False,0.0,0.0,0.0,0.0,0.0,0.0,WRONG_ANSWER,WRONG_ANSWER,WRONG_ANSWER,True,True,True
deepcoder_taco_00892,FFF,persistent_failure,False,False,False,0.0,0.0,0.0,0.0,0.0,0.0,RUNTIME_ERROR,RUNTIME_ERROR,RUNTIME_ERROR,True,True,True
deepcoder_taco_00906,FFF,persistent_failure,False,False,False,0.010101010101010102,0.010101010101010102,0.010101010101010102,0.0,0.0,0.0,WRONG_ANSWER,WRONG_ANSWER,WRONG_ANSWER,True,True,True
deepcoder_taco_00914,FFF,persistent_failure,False,False,False,0.8706896551724138,0.8706896551724138,0.8706896551724138,0.0,0.0,0.0,WRONG_ANSWER,WRONG_ANSWER,WRONG_ANSWER,True,True,True
deepcoder_taco_00929,FFF,persistent_failure,False,False,False,0.0,0.0,0.0,0.0,0.0,0.0,WRONG_ANSWER,WRONG_ANSWER,WRONG_ANSWER,True,True,True
deepcoder_taco_00967,FFF,persistent_failure,False,False,False,0.9642857142857143,0.9642857142857143,0.9642857142857143,0.0,0.0,0.0,TIME_LIMIT_EXCEEDED,TIME_LIMIT_EXCEEDED,TIME_LIMIT_EXCEEDED,True,True,True
deepcoder_taco_00973,FFF,persistent_failure,False,False,False,0.26548672566371684,0.26548672566371684,0.26548672566371684,0.0,0.0,0.0,WRONG_ANSWER,WRONG_ANSWER,WRONG_ANSWER,True,True,True
deepcoder_taco_01010,FFF,persistent_failure,False,False,False,0.0,0.0,0.0,0.0,0.0,0.0,WRONG_ANSWER,WRONG_ANSWER,WRONG_ANSWER,True,True,True
deepcoder_taco_01029,FFF,persistent_failure,False,False,False,0.0851063829787234,0.2765957446808511,0.0851063829787234,0.19148936170212766,0.0,-0.19148936170212766,WRONG_ANSWER,WRONG_ANSWER,WRONG_ANSWER,True,True,True
deepcoder_taco_01030,FFF,persistent_failure,False,False,False,0.0,0.0,0.0,0.0,0.0,0.0,RUNTIME_ERROR,RUNTIME_ERROR,RUNTIME_ERROR,True,True,True
deepcoder_taco_01047,FFF,persistent_failure,False,False,False,0.13793103448275862,0.28735632183908044,0.13793103448275862,0.14942528735632182,0.0,-0.14942528735632182,WRONG_ANSWER,WRONG_ANSWER,WRONG_ANSWER,True,True,True
deepcoder_taco_01063,FFF,persistent_failure,False,False,False,0.1509433962264151,0.1509433962264151,0.1509433962264151,0.0,0.0,0.0,WRONG_ANSWER,WRONG_ANSWER,WRONG_ANSWER,True,True,True
deepcoder_taco_01065,FFF,persistent_failure,False,False,False,0.015384615384615385,0.015384615384615385,0.015384615384615385,0.0,0.0,0.0,WRONG_ANSWER,WRONG_ANSWER,WRONG_ANSWER,True,True,True
deepcoder_taco_00098,FPP,common_rl_recovery,False,True,True,0.09090909090909091,1.0,1.0,0.9090909090909091,0.9090909090909091,0.0,WRONG_ANSWER,PASS,PASS,True,True,True
deepcoder_taco_00339,PPP,stable_success,True,True,True,1.0,1.0,1.0,0.0,0.0,0.0,PASS,PASS,PASS,True,True,True
deepcoder_taco_00483,PPP,stable_success,True,True,True,1.0,1.0,1.0,0.0,0.0,0.0,PASS,PASS,PASS,True,True,True
deepcoder_taco_00486,PPP,stable_success,True,True,True,1.0,1.0,1.0,0.0,0.0,0.0,PASS,PASS,PASS,True,True,True
deepcoder_taco_00488,PPP,stable_success,True,True,True,1.0,1.0,1.0,0.0,0.0,0.0,PASS,PASS,PASS,True,True,True
deepcoder_taco_00564,PPP,stable_success,True,True,True,1.0,1.0,1.0,0.0,0.0,0.0,PASS,PASS,PASS,True,True,True
deepcoder_taco_00568,PPP,stable_success,True,True,True,1.0,1.0,1.0,0.0,0.0,0.0,PASS,PASS,PASS,True,True,True
deepcoder_taco_00633,PPP,stable_success,True,True,True,1.0,1.0,1.0,0.0,0.0,0.0,PASS,PASS,PASS,True,True,True
deepcoder_taco_00663,PPP,stable_success,True,True,True,1.0,1.0,1.0,0.0,0.0,0.0,PASS,PASS,PASS,True,True,True
deepcoder_taco_00707,PPP,stable_success,True,True,True,1.0,1.0,1.0,0.0,0.0,0.0,PASS,PASS,PASS,True,True,True
deepcoder_taco_00783,PPP,stable_success,True,True,True,1.0,1.0,1.0,0.0,0.0,0.0,PASS,PASS,PASS,True,True,True
