problem_id,plan_index,reward_type,M,q_full,reward_profile,mean_abs_error_m1_vs_m4,mean_abs_error_m1_vs_loo,min_single_reward,max_single_reward,single_reward_range
deepcoder_taco_00892,0,binary,4,0.0,0.0000 | 0.0000 | 0.0000 | 0.0000,0.0,0.0,0.0,0.0,0.0
deepcoder_taco_00892,1,binary,4,0.0,0.0000 | 0.0000 | 0.0000 | 0.0000,0.0,0.0,0.0,0.0,0.0
deepcoder_taco_00892,2,binary,4,0.0,0.0000 | 0.0000 | 0.0000 | 0.0000,0.0,0.0,0.0,0.0,0.0
deepcoder_taco_00892,3,binary,4,0.0,0.0000 | 0.0000 | 0.0000 | 0.0000,0.0,0.0,0.0,0.0,0.0
deepcoder_taco_00892,4,binary,4,0.0,0.0000 | 0.0000 | 0.0000 | 0.0000,0.0,0.0,0.0,0.0,0.0
deepcoder_taco_00892,5,binary,4,0.0,0.0000 | 0.0000 | 0.0000 | 0.0000,0.0,0.0,0.0,0.0,0.0
deepcoder_taco_00892,6,binary,4,0.0,0.0000 | 0.0000 | 0.0000 | 0.0000,0.0,0.0,0.0,0.0,0.0
deepcoder_taco_00892,7,binary,4,0.0,0.0000 | 0.0000 | 0.0000 | 0.0000,0.0,0.0,0.0,0.0,0.0
deepcoder_taco_00582,0,binary,4,0.0,0.0000 | 0.0000 | 0.0000 | 0.0000,0.0,0.0,0.0,0.0,0.0
deepcoder_taco_00582,1,binary,4,0.0,0.0000 | 0.0000 | 0.0000 | 0.0000,0.0,0.0,0.0,0.0,0.0
deepcoder_taco_00582,2,binary,4,0.0,0.0000 | 0.0000 | 0.0000 | 0.0000,0.0,0.0,0.0,0.0,0.0
deepcoder_taco_00582,3,binary,4,0.0,0.0000 | 0.0000 | 0.0000 | 0.0000,0.0,0.0,0.0,0.0,0.0
deepcoder_taco_00582,4,binary,4,0.0,0.0000 | 0.0000 | 0.0000 | 0.0000,0.0,0.0,0.0,0.0,0.0
deepcoder_taco_00582,5,binary,4,0.0,0.0000 | 0.0000 | 0.0000 | 0.0000,0.0,0.0,0.0,0.0,0.0
deepcoder_taco_00582,6,binary,4,0.0,0.0000 | 0.0000 | 0.0000 | 0.0000,0.0,0.0,0.0,0.0,0.0
deepcoder_taco_00582,7,binary,4,0.0,0.0000 | 0.0000 | 0.0000 | 0.0000,0.0,0.0,0.0,0.0,0.0
deepcoder_taco_01029,0,binary,4,0.0,0.0000 | 0.0000 | 0.0000 | 0.0000,0.0,0.0,0.0,0.0,0.0
deepcoder_taco_01029,1,binary,4,0.0,0.0000 | 0.0000 | 0.0000 | 0.0000,0.0,0.0,0.0,0.0,0.0
deepcoder_taco_01029,2,binary,4,0.0,0.0000 | 0.0000 | 0.0000 | 0.0000,0.0,0.0,0.0,0.0,0.0
deepcoder_taco_01029,3,binary,4,0.0,0.0000 | 0.0000 | 0.0000 | 0.0000,0.0,0.0,0.0,0.0,0.0
deepcoder_taco_01029,4,binary,4,0.0,0.0000 | 0.0000 | 0.0000 | 0.0000,0.0,0.0,0.0,0.0,0.0
deepcoder_taco_01029,5,binary,4,0.0,0.0000 | 0.0000 | 0.0000 | 0.0000,0.0,0.0,0.0,0.0,0.0
deepcoder_taco_01029,6,binary,4,0.0,0.0000 | 0.0000 | 0.0000 | 0.0000,0.0,0.0,0.0,0.0,0.0
deepcoder_taco_01029,7,binary,4,0.0,0.0000 | 0.0000 | 0.0000 | 0.0000,0.0,0.0,0.0,0.0,0.0
deepcoder_taco_01063,0,binary,4,1.0,1.0000 | 1.0000 | 1.0000 | 1.0000,0.0,0.0,1.0,1.0,0.0
deepcoder_taco_01063,1,binary,4,1.0,1.0000 | 1.0000 | 1.0000 | 1.0000,0.0,0.0,1.0,1.0,0.0
deepcoder_taco_01063,2,binary,4,1.0,1.0000 | 1.0000 | 1.0000 | 1.0000,0.0,0.0,1.0,1.0,0.0
deepcoder_taco_01063,3,binary,4,0.0,0.0000 | 0.0000 | 0.0000 | 0.0000,0.0,0.0,0.0,0.0,0.0
deepcoder_taco_01063,4,binary,4,0.0,0.0000 | 0.0000 | 0.0000 | 0.0000,0.0,0.0,0.0,0.0,0.0
deepcoder_taco_01063,5,binary,4,1.0,1.0000 | 1.0000 | 1.0000 | 1.0000,0.0,0.0,1.0,1.0,0.0
deepcoder_taco_01063,6,binary,4,0.75,1.0000 | 1.0000 | 1.0000 | 0.0000,0.375,0.5,0.0,1.0,1.0
deepcoder_taco_01063,7,binary,4,0.25,0.0000 | 0.0000 | 1.0000 | 0.0000,0.375,0.5,0.0,1.0,1.0
deepcoder_taco_00039,0,binary,4,0.0,0.0000 | 0.0000 | 0.0000 | 0.0000,0.0,0.0,0.0,0.0,0.0
deepcoder_taco_00039,1,binary,4,0.0,0.0000 | 0.0000 | 0.0000 | 0.0000,0.0,0.0,0.0,0.0,0.0
deepcoder_taco_00039,2,binary,4,0.0,0.0000 | 0.0000 | 0.0000 | 0.0000,0.0,0.0,0.0,0.0,0.0
deepcoder_taco_00039,3,binary,4,0.0,0.0000 | 0.0000 | 0.0000 | 0.0000,0.0,0.0,0.0,0.0,0.0
deepcoder_taco_00039,4,binary,4,0.0,0.0000 | 0.0000 | 0.0000 | 0.0000,0.0,0.0,0.0,0.0,0.0
deepcoder_taco_00039,5,binary,4,0.0,0.0000 | 0.0000 | 0.0000 | 0.0000,0.0,0.0,0.0,0.0,0.0
deepcoder_taco_00039,6,binary,4,0.0,0.0000 | 0.0000 | 0.0000 | 0.0000,0.0,0.0,0.0,0.0,0.0
deepcoder_taco_00039,7,binary,4,0.0,0.0000 | 0.0000 | 0.0000 | 0.0000,0.0,0.0,0.0,0.0,0.0
deepcoder_taco_00554,0,binary,4,0.0,0.0000 | 0.0000 | 0.0000 | 0.0000,0.0,0.0,0.0,0.0,0.0
deepcoder_taco_00554,1,binary,4,0.0,0.0000 | 0.0000 | 0.0000 | 0.0000,0.0,0.0,0.0,0.0,0.0
deepcoder_taco_00554,2,binary,4,0.0,0.0000 | 0.0000 | 0.0000 | 0.0000,0.0,0.0,0.0,0.0,0.0
deepcoder_taco_00554,3,binary,4,0.0,0.0000 | 0.0000 | 0.0000 | 0.0000,0.0,0.0,0.0,0.0,0.0
deepcoder_taco_00554,4,binary,4,0.0,0.0000 | 0.0000 | 0.0000 | 0.0000,0.0,0.0,0.0,0.0,0.0
deepcoder_taco_00554,5,binary,4,0.0,0.0000 | 0.0000 | 0.0000 | 0.0000,0.0,0.0,0.0,0.0,0.0
deepcoder_taco_00554,6,binary,4,0.0,0.0000 | 0.0000 | 0.0000 | 0.0000,0.0,0.0,0.0,0.0,0.0
deepcoder_taco_00554,7,binary,4,0.0,0.0000 | 0.0000 | 0.0000 | 0.0000,0.0,0.0,0.0,0.0,0.0
deepcoder_taco_00098,0,binary,4,0.5,0.0000 | 1.0000 | 1.0000 | 0.0000,0.5,0.6666666666666667,0.0,1.0,1.0
deepcoder_taco_00098,1,binary,4,0.0,0.0000 | 0.0000 | 0.0000 | 0.0000,0.0,0.0,0.0,0.0,0.0
deepcoder_taco_00098,2,binary,4,0.0,0.0000 | 0.0000 | 0.0000 | 0.0000,0.0,0.0,0.0,0.0,0.0
deepcoder_taco_00098,3,binary,4,0.0,0.0000 | 0.0000 | 0.0000 | 0.0000,0.0,0.0,0.0,0.0,0.0
deepcoder_taco_00098,4,binary,4,0.25,0.0000 | 0.0000 | 0.0000 | 1.0000,0.375,0.5,0.0,1.0,1.0
deepcoder_taco_00098,5,binary,4,0.75,0.0000 | 1.0000 | 1.0000 | 1.0000,0.375,0.5,0.0,1.0,1.0
deepcoder_taco_00098,6,binary,4,1.0,1.0000 | 1.0000 | 1.0000 | 1.0000,0.0,0.0,1.0,1.0,0.0
deepcoder_taco_00098,7,binary,4,0.25,0.0000 | 0.0000 | 1.0000 | 0.0000,0.375,0.5,0.0,1.0,1.0
deepcoder_taco_00864,0,binary,4,0.0,0.0000 | 0.0000 | 0.0000 | 0.0000,0.0,0.0,0.0,0.0,0.0
deepcoder_taco_00864,1,binary,4,0.0,0.0000 | 0.0000 | 0.0000 | 0.0000,0.0,0.0,0.0,0.0,0.0
deepcoder_taco_00864,2,binary,4,0.0,0.0000 | 0.0000 | 0.0000 | 0.0000,0.0,0.0,0.0,0.0,0.0
deepcoder_taco_00864,3,binary,4,0.0,0.0000 | 0.0000 | 0.0000 | 0.0000,0.0,0.0,0.0,0.0,0.0
deepcoder_taco_00864,4,binary,4,0.0,0.0000 | 0.0000 | 0.0000 | 0.0000,0.0,0.0,0.0,0.0,0.0
deepcoder_taco_00864,5,binary,4,0.0,0.0000 | 0.0000 | 0.0000 | 0.0000,0.0,0.0,0.0,0.0,0.0
deepcoder_taco_00864,6,binary,4,0.0,0.0000 | 0.0000 | 0.0000 | 0.0000,0.0,0.0,0.0,0.0,0.0
deepcoder_taco_00864,7,binary,4,0.0,0.0000 | 0.0000 | 0.0000 | 0.0000,0.0,0.0,0.0,0.0,0.0
deepcoder_taco_00402,0,binary,4,0.0,0.0000 | 0.0000 | 0.0000 | 0.0000,0.0,0.0,0.0,0.0,0.0
deepcoder_taco_00402,1,binary,4,0.0,0.0000 | 0.0000 | 0.0000 | 0.0000,0.0,0.0,0.0,0.0,0.0
deepcoder_taco_00402,2,binary,4,0.0,0.0000 | 0.0000 | 0.0000 | 0.0000,0.0,0.0,0.0,0.0,0.0
deepcoder_taco_00402,3,binary,4,0.0,0.0000 | 0.0000 | 0.0000 | 0.0000,0.0,0.0,0.0,0.0,0.0
deepcoder_taco_00402,4,binary,4,0.0,0.0000 | 0.0000 | 0.0000 | 0.0000,0.0,0.0,0.0,0.0,0.0
deepcoder_taco_00402,5,binary,4,0.0,0.0000 | 0.0000 | 0.0000 | 0.0000,0.0,0.0,0.0,0.0,0.0
deepcoder_taco_00402,6,binary,4,0.0,0.0000 | 0.0000 | 0.0000 | 0.0000,0.0,0.0,0.0,0.0,0.0
deepcoder_taco_00402,7,binary,4,0.0,0.0000 | 0.0000 | 0.0000 | 0.0000,0.0,0.0,0.0,0.0,0.0
deepcoder_taco_00600,0,binary,4,0.0,0.0000 | 0.0000 | 0.0000 | 0.0000,0.0,0.0,0.0,0.0,0.0
deepcoder_taco_00600,1,binary,4,0.0,0.0000 | 0.0000 | 0.0000 | 0.0000,0.0,0.0,0.0,0.0,0.0
deepcoder_taco_00600,2,binary,4,0.0,0.0000 | 0.0000 | 0.0000 | 0.0000,0.0,0.0,0.0,0.0,0.0
deepcoder_taco_00600,3,binary,4,0.0,0.0000 | 0.0000 | 0.0000 | 0.0000,0.0,0.0,0.0,0.0,0.0
deepcoder_taco_00600,4,binary,4,0.0,0.0000 | 0.0000 | 0.0000 | 0.0000,0.0,0.0,0.0,0.0,0.0
deepcoder_taco_00600,5,binary,4,0.0,0.0000 | 0.0000 | 0.0000 | 0.0000,0.0,0.0,0.0,0.0,0.0
deepcoder_taco_00600,6,binary,4,0.0,0.0000 | 0.0000 | 0.0000 | 0.0000,0.0,0.0,0.0,0.0,0.0
deepcoder_taco_00600,7,binary,4,0.0,0.0000 | 0.0000 | 0.0000 | 0.0000,0.0,0.0,0.0,0.0,0.0
deepcoder_taco_00211,0,binary,4,0.0,0.0000 | 0.0000 | 0.0000 | 0.0000,0.0,0.0,0.0,0.0,0.0
deepcoder_taco_00211,1,binary,4,0.0,0.0000 | 0.0000 | 0.0000 | 0.0000,0.0,0.0,0.0,0.0,0.0
deepcoder_taco_00211,2,binary,4,0.0,0.0000 | 0.0000 | 0.0000 | 0.0000,0.0,0.0,0.0,0.0,0.0
deepcoder_taco_00211,3,binary,4,0.0,0.0000 | 0.0000 | 0.0000 | 0.0000,0.0,0.0,0.0,0.0,0.0
deepcoder_taco_00211,4,binary,4,0.0,0.0000 | 0.0000 | 0.0000 | 0.0000,0.0,0.0,0.0,0.0,0.0
deepcoder_taco_00211,5,binary,4,0.0,0.0000 | 0.0000 | 0.0000 | 0.0000,0.0,0.0,0.0,0.0,0.0
deepcoder_taco_00211,6,binary,4,0.0,0.0000 | 0.0000 | 0.0000 | 0.0000,0.0,0.0,0.0,0.0,0.0
deepcoder_taco_00211,7,binary,4,0.0,0.0000 | 0.0000 | 0.0000 | 0.0000,0.0,0.0,0.0,0.0,0.0
deepcoder_taco_00929,0,binary,4,0.75,0.0000 | 1.0000 | 1.0000 | 1.0000,0.375,0.5,0.0,1.0,1.0
deepcoder_taco_00929,1,binary,4,0.0,0.0000 | 0.0000 | 0.0000 | 0.0000,0.0,0.0,0.0,0.0,0.0
deepcoder_taco_00929,2,binary,4,0.75,1.0000 | 0.0000 | 1.0000 | 1.0000,0.375,0.5,0.0,1.0,1.0
deepcoder_taco_00929,3,binary,4,0.25,1.0000 | 0.0000 | 0.0000 | 0.0000,0.375,0.5,0.0,1.0,1.0
deepcoder_taco_00929,4,binary,4,0.0,0.0000 | 0.0000 | 0.0000 | 0.0000,0.0,0.0,0.0,0.0,0.0
deepcoder_taco_00929,5,binary,4,0.25,0.0000 | 1.0000 | 0.0000 | 0.0000,0.375,0.5,0.0,1.0,1.0
deepcoder_taco_00929,6,binary,4,0.25,0.0000 | 1.0000 | 0.0000 | 0.0000,0.375,0.5,0.0,1.0,1.0
deepcoder_taco_00929,7,binary,4,0.5,0.0000 | 1.0000 | 1.0000 | 0.0000,0.5,0.6666666666666667,0.0,1.0,1.0
deepcoder_taco_00476,0,binary,4,0.0,0.0000 | 0.0000 | 0.0000 | 0.0000,0.0,0.0,0.0,0.0,0.0
deepcoder_taco_00476,1,binary,4,0.0,0.0000 | 0.0000 | 0.0000 | 0.0000,0.0,0.0,0.0,0.0,0.0
deepcoder_taco_00476,2,binary,4,0.0,0.0000 | 0.0000 | 0.0000 | 0.0000,0.0,0.0,0.0,0.0,0.0
deepcoder_taco_00476,3,binary,4,0.0,0.0000 | 0.0000 | 0.0000 | 0.0000,0.0,0.0,0.0,0.0,0.0
deepcoder_taco_00476,4,binary,4,0.0,0.0000 | 0.0000 | 0.0000 | 0.0000,0.0,0.0,0.0,0.0,0.0
deepcoder_taco_00476,5,binary,4,0.0,0.0000 | 0.0000 | 0.0000 | 0.0000,0.0,0.0,0.0,0.0,0.0
deepcoder_taco_00476,6,binary,4,0.0,0.0000 | 0.0000 | 0.0000 | 0.0000,0.0,0.0,0.0,0.0,0.0
deepcoder_taco_00476,7,binary,4,0.0,0.0000 | 0.0000 | 0.0000 | 0.0000,0.0,0.0,0.0,0.0,0.0
deepcoder_taco_00699,0,binary,4,0.0,0.0000 | 0.0000 | 0.0000 | 0.0000,0.0,0.0,0.0,0.0,0.0
deepcoder_taco_00699,1,binary,4,0.0,0.0000 | 0.0000 | 0.0000 | 0.0000,0.0,0.0,0.0,0.0,0.0
deepcoder_taco_00699,2,binary,4,0.0,0.0000 | 0.0000 | 0.0000 | 0.0000,0.0,0.0,0.0,0.0,0.0
deepcoder_taco_00699,3,binary,4,0.0,0.0000 | 0.0000 | 0.0000 | 0.0000,0.0,0.0,0.0,0.0,0.0
deepcoder_taco_00699,4,binary,4,0.0,0.0000 | 0.0000 | 0.0000 | 0.0000,0.0,0.0,0.0,0.0,0.0
deepcoder_taco_00699,5,binary,4,0.0,0.0000 | 0.0000 | 0.0000 | 0.0000,0.0,0.0,0.0,0.0,0.0
deepcoder_taco_00699,6,binary,4,0.0,0.0000 | 0.0000 | 0.0000 | 0.0000,0.0,0.0,0.0,0.0,0.0
deepcoder_taco_00699,7,binary,4,0.0,0.0000 | 0.0000 | 0.0000 | 0.0000,0.0,0.0,0.0,0.0,0.0
deepcoder_taco_00783,0,binary,4,1.0,1.0000 | 1.0000 | 1.0000 | 1.0000,0.0,0.0,1.0,1.0,0.0
deepcoder_taco_00783,1,binary,4,1.0,1.0000 | 1.0000 | 1.0000 | 1.0000,0.0,0.0,1.0,1.0,0.0
deepcoder_taco_00783,2,binary,4,1.0,1.0000 | 1.0000 | 1.0000 | 1.0000,0.0,0.0,1.0,1.0,0.0
deepcoder_taco_00783,3,binary,4,1.0,1.0000 | 1.0000 | 1.0000 | 1.0000,0.0,0.0,1.0,1.0,0.0
deepcoder_taco_00783,4,binary,4,1.0,1.0000 | 1.0000 | 1.0000 | 1.0000,0.0,0.0,1.0,1.0,0.0
deepcoder_taco_00783,5,binary,4,1.0,1.0000 | 1.0000 | 1.0000 | 1.0000,0.0,0.0,1.0,1.0,0.0
deepcoder_taco_00783,6,binary,4,1.0,1.0000 | 1.0000 | 1.0000 | 1.0000,0.0,0.0,1.0,1.0,0.0
deepcoder_taco_00783,7,binary,4,0.25,0.0000 | 0.0000 | 0.0000 | 1.0000,0.375,0.5,0.0,1.0,1.0
deepcoder_taco_00575,0,binary,4,0.0,0.0000 | 0.0000 | 0.0000 | 0.0000,0.0,0.0,0.0,0.0,0.0
deepcoder_taco_00575,1,binary,4,0.0,0.0000 | 0.0000 | 0.0000 | 0.0000,0.0,0.0,0.0,0.0,0.0
deepcoder_taco_00575,2,binary,4,0.0,0.0000 | 0.0000 | 0.0000 | 0.0000,0.0,0.0,0.0,0.0,0.0
deepcoder_taco_00575,3,binary,4,0.0,0.0000 | 0.0000 | 0.0000 | 0.0000,0.0,0.0,0.0,0.0,0.0
deepcoder_taco_00575,4,binary,4,0.0,0.0000 | 0.0000 | 0.0000 | 0.0000,0.0,0.0,0.0,0.0,0.0
deepcoder_taco_00575,5,binary,4,0.0,0.0000 | 0.0000 | 0.0000 | 0.0000,0.0,0.0,0.0,0.0,0.0
deepcoder_taco_00575,6,binary,4,0.0,0.0000 | 0.0000 | 0.0000 | 0.0000,0.0,0.0,0.0,0.0,0.0
deepcoder_taco_00575,7,binary,4,0.0,0.0000 | 0.0000 | 0.0000 | 0.0000,0.0,0.0,0.0,0.0,0.0
deepcoder_taco_00874,0,binary,4,0.0,0.0000 | 0.0000 | 0.0000 | 0.0000,0.0,0.0,0.0,0.0,0.0
deepcoder_taco_00874,1,binary,4,0.0,0.0000 | 0.0000 | 0.0000 | 0.0000,0.0,0.0,0.0,0.0,0.0
deepcoder_taco_00874,2,binary,4,0.0,0.0000 | 0.0000 | 0.0000 | 0.0000,0.0,0.0,0.0,0.0,0.0
deepcoder_taco_00874,3,binary,4,0.0,0.0000 | 0.0000 | 0.0000 | 0.0000,0.0,0.0,0.0,0.0,0.0
deepcoder_taco_00874,4,binary,4,0.0,0.0000 | 0.0000 | 0.0000 | 0.0000,0.0,0.0,0.0,0.0,0.0
deepcoder_taco_00874,5,binary,4,0.0,0.0000 | 0.0000 | 0.0000 | 0.0000,0.0,0.0,0.0,0.0,0.0
deepcoder_taco_00874,6,binary,4,0.25,0.0000 | 0.0000 | 1.0000 | 0.0000,0.375,0.5,0.0,1.0,1.0
deepcoder_taco_00874,7,binary,4,0.0,0.0000 | 0.0000 | 0.0000 | 0.0000,0.0,0.0,0.0,0.0,0.0
deepcoder_taco_00057,0,binary,4,0.25,1.0000 | 0.0000 | 0.0000 | 0.0000,0.375,0.5,0.0,1.0,1.0
deepcoder_taco_00057,1,binary,4,0.25,0.0000 | 0.0000 | 1.0000 | 0.0000,0.375,0.5,0.0,1.0,1.0
deepcoder_taco_00057,2,binary,4,0.25,0.0000 | 1.0000 | 0.0000 | 0.0000,0.375,0.5,0.0,1.0,1.0
deepcoder_taco_00057,3,binary,4,0.0,0.0000 | 0.0000 | 0.0000 | 0.0000,0.0,0.0,0.0,0.0,0.0
deepcoder_taco_00057,4,binary,4,0.25,0.0000 | 0.0000 | 0.0000 | 1.0000,0.375,0.5,0.0,1.0,1.0
deepcoder_taco_00057,5,binary,4,0.5,1.0000 | 0.0000 | 0.0000 | 1.0000,0.5,0.6666666666666667,0.0,1.0,1.0
deepcoder_taco_00057,6,binary,4,0.5,1.0000 | 0.0000 | 0.0000 | 1.0000,0.5,0.6666666666666667,0.0,1.0,1.0
deepcoder_taco_00057,7,binary,4,0.5,1.0000 | 1.0000 | 0.0000 | 0.0000,0.5,0.6666666666666667,0.0,1.0,1.0
deepcoder_taco_00845,0,binary,4,0.25,1.0000 | 0.0000 | 0.0000 | 0.0000,0.375,0.5,0.0,1.0,1.0
deepcoder_taco_00845,1,binary,4,0.0,0.0000 | 0.0000 | 0.0000 | 0.0000,0.0,0.0,0.0,0.0,0.0
deepcoder_taco_00845,2,binary,4,0.0,0.0000 | 0.0000 | 0.0000 | 0.0000,0.0,0.0,0.0,0.0,0.0
deepcoder_taco_00845,3,binary,4,0.0,0.0000 | 0.0000 | 0.0000 | 0.0000,0.0,0.0,0.0,0.0,0.0
deepcoder_taco_00845,4,binary,4,0.0,0.0000 | 0.0000 | 0.0000 | 0.0000,0.0,0.0,0.0,0.0,0.0
deepcoder_taco_00845,5,binary,4,0.0,0.0000 | 0.0000 | 0.0000 | 0.0000,0.0,0.0,0.0,0.0,0.0
deepcoder_taco_00845,6,binary,4,0.0,0.0000 | 0.0000 | 0.0000 | 0.0000,0.0,0.0,0.0,0.0,0.0
deepcoder_taco_00845,7,binary,4,0.0,0.0000 | 0.0000 | 0.0000 | 0.0000,0.0,0.0,0.0,0.0,0.0
deepcoder_taco_00379,0,binary,4,0.0,0.0000 | 0.0000 | 0.0000 | 0.0000,0.0,0.0,0.0,0.0,0.0
deepcoder_taco_00379,1,binary,4,0.5,1.0000 | 1.0000 | 0.0000 | 0.0000,0.5,0.6666666666666667,0.0,1.0,1.0
deepcoder_taco_00379,2,binary,4,0.0,0.0000 | 0.0000 | 0.0000 | 0.0000,0.0,0.0,0.0,0.0,0.0
deepcoder_taco_00379,3,binary,4,0.0,0.0000 | 0.0000 | 0.0000 | 0.0000,0.0,0.0,0.0,0.0,0.0
deepcoder_taco_00379,4,binary,4,0.0,0.0000 | 0.0000 | 0.0000 | 0.0000,0.0,0.0,0.0,0.0,0.0
deepcoder_taco_00379,5,binary,4,0.25,0.0000 | 0.0000 | 0.0000 | 1.0000,0.375,0.5,0.0,1.0,1.0
deepcoder_taco_00379,6,binary,4,0.0,0.0000 | 0.0000 | 0.0000 | 0.0000,0.0,0.0,0.0,0.0,0.0
deepcoder_taco_00379,7,binary,4,0.0,0.0000 | 0.0000 | 0.0000 | 0.0000,0.0,0.0,0.0,0.0,0.0
deepcoder_taco_00515,0,binary,4,0.75,1.0000 | 1.0000 | 0.0000 | 1.0000,0.375,0.5,0.0,1.0,1.0
deepcoder_taco_00515,1,binary,4,1.0,1.0000 | 1.0000 | 1.0000 | 1.0000,0.0,0.0,1.0,1.0,0.0
deepcoder_taco_00515,2,binary,4,0.0,0.0000 | 0.0000 | 0.0000 | 0.0000,0.0,0.0,0.0,0.0,0.0
deepcoder_taco_00515,3,binary,4,0.25,0.0000 | 0.0000 | 1.0000 | 0.0000,0.375,0.5,0.0,1.0,1.0
deepcoder_taco_00515,4,binary,4,0.75,1.0000 | 0.0000 | 1.0000 | 1.0000,0.375,0.5,0.0,1.0,1.0
deepcoder_taco_00515,5,binary,4,0.0,0.0000 | 0.0000 | 0.0000 | 0.0000,0.0,0.0,0.0,0.0,0.0
deepcoder_taco_00515,6,binary,4,0.0,0.0000 | 0.0000 | 0.0000 | 0.0000,0.0,0.0,0.0,0.0,0.0
deepcoder_taco_00515,7,binary,4,0.25,1.0000 | 0.0000 | 0.0000 | 0.0000,0.375,0.5,0.0,1.0,1.0
deepcoder_taco_00907,0,binary,4,0.0,0.0000 | 0.0000 | 0.0000 | 0.0000,0.0,0.0,0.0,0.0,0.0
deepcoder_taco_00907,1,binary,4,0.0,0.0000 | 0.0000 | 0.0000 | 0.0000,0.0,0.0,0.0,0.0,0.0
deepcoder_taco_00907,2,binary,4,0.0,0.0000 | 0.0000 | 0.0000 | 0.0000,0.0,0.0,0.0,0.0,0.0
deepcoder_taco_00907,3,binary,4,0.0,0.0000 | 0.0000 | 0.0000 | 0.0000,0.0,0.0,0.0,0.0,0.0
deepcoder_taco_00907,4,binary,4,0.0,0.0000 | 0.0000 | 0.0000 | 0.0000,0.0,0.0,0.0,0.0,0.0
deepcoder_taco_00907,5,binary,4,0.0,0.0000 | 0.0000 | 0.0000 | 0.0000,0.0,0.0,0.0,0.0,0.0
deepcoder_taco_00907,6,binary,4,0.0,0.0000 | 0.0000 | 0.0000 | 0.0000,0.0,0.0,0.0,0.0,0.0
deepcoder_taco_00907,7,binary,4,0.0,0.0000 | 0.0000 | 0.0000 | 0.0000,0.0,0.0,0.0,0.0,0.0
deepcoder_taco_00395,0,binary,4,0.25,0.0000 | 1.0000 | 0.0000 | 0.0000,0.375,0.5,0.0,1.0,1.0
deepcoder_taco_00395,1,binary,4,0.5,1.0000 | 0.0000 | 0.0000 | 1.0000,0.5,0.6666666666666667,0.0,1.0,1.0
deepcoder_taco_00395,2,binary,4,1.0,1.0000 | 1.0000 | 1.0000 | 1.0000,0.0,0.0,1.0,1.0,0.0
deepcoder_taco_00395,3,binary,4,0.25,0.0000 | 0.0000 | 0.0000 | 1.0000,0.375,0.5,0.0,1.0,1.0
deepcoder_taco_00395,4,binary,4,0.5,0.0000 | 1.0000 | 0.0000 | 1.0000,0.5,0.6666666666666667,0.0,1.0,1.0
deepcoder_taco_00395,5,binary,4,0.5,0.0000 | 0.0000 | 1.0000 | 1.0000,0.5,0.6666666666666667,0.0,1.0,1.0
deepcoder_taco_00395,6,binary,4,0.25,0.0000 | 0.0000 | 1.0000 | 0.0000,0.375,0.5,0.0,1.0,1.0
deepcoder_taco_00395,7,binary,4,0.5,1.0000 | 0.0000 | 1.0000 | 0.0000,0.5,0.6666666666666667,0.0,1.0,1.0
deepcoder_taco_00535,0,binary,4,0.0,0.0000 | 0.0000 | 0.0000 | 0.0000,0.0,0.0,0.0,0.0,0.0
deepcoder_taco_00535,1,binary,4,0.0,0.0000 | 0.0000 | 0.0000 | 0.0000,0.0,0.0,0.0,0.0,0.0
deepcoder_taco_00535,2,binary,4,0.0,0.0000 | 0.0000 | 0.0000 | 0.0000,0.0,0.0,0.0,0.0,0.0
deepcoder_taco_00535,3,binary,4,0.0,0.0000 | 0.0000 | 0.0000 | 0.0000,0.0,0.0,0.0,0.0,0.0
deepcoder_taco_00535,4,binary,4,0.0,0.0000 | 0.0000 | 0.0000 | 0.0000,0.0,0.0,0.0,0.0,0.0
deepcoder_taco_00535,5,binary,4,0.0,0.0000 | 0.0000 | 0.0000 | 0.0000,0.0,0.0,0.0,0.0,0.0
deepcoder_taco_00535,6,binary,4,0.0,0.0000 | 0.0000 | 0.0000 | 0.0000,0.0,0.0,0.0,0.0,0.0
deepcoder_taco_00535,7,binary,4,0.0,0.0000 | 0.0000 | 0.0000 | 0.0000,0.0,0.0,0.0,0.0,0.0
deepcoder_taco_00707,0,binary,4,1.0,1.0000 | 1.0000 | 1.0000 | 1.0000,0.0,0.0,1.0,1.0,0.0
deepcoder_taco_00707,1,binary,4,0.5,0.0000 | 0.0000 | 1.0000 | 1.0000,0.5,0.6666666666666667,0.0,1.0,1.0
deepcoder_taco_00707,2,binary,4,0.0,0.0000 | 0.0000 | 0.0000 | 0.0000,0.0,0.0,0.0,0.0,0.0
deepcoder_taco_00707,3,binary,4,0.0,0.0000 | 0.0000 | 0.0000 | 0.0000,0.0,0.0,0.0,0.0,0.0
deepcoder_taco_00707,4,binary,4,0.5,1.0000 | 0.0000 | 0.0000 | 1.0000,0.5,0.6666666666666667,0.0,1.0,1.0
deepcoder_taco_00707,5,binary,4,1.0,1.0000 | 1.0000 | 1.0000 | 1.0000,0.0,0.0,1.0,1.0,0.0
deepcoder_taco_00707,6,binary,4,0.5,0.0000 | 1.0000 | 1.0000 | 0.0000,0.5,0.6666666666666667,0.0,1.0,1.0
deepcoder_taco_00707,7,binary,4,0.25,1.0000 | 0.0000 | 0.0000 | 0.0000,0.375,0.5,0.0,1.0,1.0
deepcoder_taco_00547,0,binary,4,0.75,0.0000 | 1.0000 | 1.0000 | 1.0000,0.375,0.5,0.0,1.0,1.0
deepcoder_taco_00547,1,binary,4,0.25,1.0000 | 0.0000 | 0.0000 | 0.0000,0.375,0.5,0.0,1.0,1.0
deepcoder_taco_00547,2,binary,4,1.0,1.0000 | 1.0000 | 1.0000 | 1.0000,0.0,0.0,1.0,1.0,0.0
deepcoder_taco_00547,3,binary,4,0.0,0.0000 | 0.0000 | 0.0000 | 0.0000,0.0,0.0,0.0,0.0,0.0
deepcoder_taco_00547,4,binary,4,0.25,0.0000 | 0.0000 | 1.0000 | 0.0000,0.375,0.5,0.0,1.0,1.0
deepcoder_taco_00547,5,binary,4,0.0,0.0000 | 0.0000 | 0.0000 | 0.0000,0.0,0.0,0.0,0.0,0.0
deepcoder_taco_00547,6,binary,4,0.25,0.0000 | 1.0000 | 0.0000 | 0.0000,0.375,0.5,0.0,1.0,1.0
deepcoder_taco_00547,7,binary,4,0.75,1.0000 | 1.0000 | 0.0000 | 1.0000,0.375,0.5,0.0,1.0,1.0
deepcoder_taco_00698,0,binary,4,0.0,0.0000 | 0.0000 | 0.0000 | 0.0000,0.0,0.0,0.0,0.0,0.0
deepcoder_taco_00698,1,binary,4,0.0,0.0000 | 0.0000 | 0.0000 | 0.0000,0.0,0.0,0.0,0.0,0.0
deepcoder_taco_00698,2,binary,4,0.0,0.0000 | 0.0000 | 0.0000 | 0.0000,0.0,0.0,0.0,0.0,0.0
deepcoder_taco_00698,3,binary,4,0.0,0.0000 | 0.0000 | 0.0000 | 0.0000,0.0,0.0,0.0,0.0,0.0
deepcoder_taco_00698,4,binary,4,0.0,0.0000 | 0.0000 | 0.0000 | 0.0000,0.0,0.0,0.0,0.0,0.0
deepcoder_taco_00698,5,binary,4,0.0,0.0000 | 0.0000 | 0.0000 | 0.0000,0.0,0.0,0.0,0.0,0.0
deepcoder_taco_00698,6,binary,4,0.0,0.0000 | 0.0000 | 0.0000 | 0.0000,0.0,0.0,0.0,0.0,0.0
deepcoder_taco_00698,7,binary,4,0.0,0.0000 | 0.0000 | 0.0000 | 0.0000,0.0,0.0,0.0,0.0,0.0
deepcoder_taco_00633,0,binary,4,0.75,1.0000 | 1.0000 | 1.0000 | 0.0000,0.375,0.5,0.0,1.0,1.0
deepcoder_taco_00633,1,binary,4,0.75,1.0000 | 1.0000 | 0.0000 | 1.0000,0.375,0.5,0.0,1.0,1.0
deepcoder_taco_00633,2,binary,4,1.0,1.0000 | 1.0000 | 1.0000 | 1.0000,0.0,0.0,1.0,1.0,0.0
deepcoder_taco_00633,3,binary,4,1.0,1.0000 | 1.0000 | 1.0000 | 1.0000,0.0,0.0,1.0,1.0,0.0
deepcoder_taco_00633,4,binary,4,1.0,1.0000 | 1.0000 | 1.0000 | 1.0000,0.0,0.0,1.0,1.0,0.0
deepcoder_taco_00633,5,binary,4,1.0,1.0000 | 1.0000 | 1.0000 | 1.0000,0.0,0.0,1.0,1.0,0.0
deepcoder_taco_00633,6,binary,4,0.5,1.0000 | 0.0000 | 0.0000 | 1.0000,0.5,0.6666666666666667,0.0,1.0,1.0
deepcoder_taco_00633,7,binary,4,1.0,1.0000 | 1.0000 | 1.0000 | 1.0000,0.0,0.0,1.0,1.0,0.0
deepcoder_taco_00413,0,binary,4,0.0,0.0000 | 0.0000 | 0.0000 | 0.0000,0.0,0.0,0.0,0.0,0.0
deepcoder_taco_00413,1,binary,4,0.0,0.0000 | 0.0000 | 0.0000 | 0.0000,0.0,0.0,0.0,0.0,0.0
deepcoder_taco_00413,2,binary,4,0.0,0.0000 | 0.0000 | 0.0000 | 0.0000,0.0,0.0,0.0,0.0,0.0
deepcoder_taco_00413,3,binary,4,0.0,0.0000 | 0.0000 | 0.0000 | 0.0000,0.0,0.0,0.0,0.0,0.0
deepcoder_taco_00413,4,binary,4,0.0,0.0000 | 0.0000 | 0.0000 | 0.0000,0.0,0.0,0.0,0.0,0.0
deepcoder_taco_00413,5,binary,4,0.0,0.0000 | 0.0000 | 0.0000 | 0.0000,0.0,0.0,0.0,0.0,0.0
deepcoder_taco_00413,6,binary,4,0.0,0.0000 | 0.0000 | 0.0000 | 0.0000,0.0,0.0,0.0,0.0,0.0
deepcoder_taco_00413,7,binary,4,0.0,0.0000 | 0.0000 | 0.0000 | 0.0000,0.0,0.0,0.0,0.0,0.0
deepcoder_taco_00886,0,binary,4,0.0,0.0000 | 0.0000 | 0.0000 | 0.0000,0.0,0.0,0.0,0.0,0.0
deepcoder_taco_00886,1,binary,4,0.0,0.0000 | 0.0000 | 0.0000 | 0.0000,0.0,0.0,0.0,0.0,0.0
deepcoder_taco_00886,2,binary,4,0.0,0.0000 | 0.0000 | 0.0000 | 0.0000,0.0,0.0,0.0,0.0,0.0
deepcoder_taco_00886,3,binary,4,0.0,0.0000 | 0.0000 | 0.0000 | 0.0000,0.0,0.0,0.0,0.0,0.0
deepcoder_taco_00886,4,binary,4,0.0,0.0000 | 0.0000 | 0.0000 | 0.0000,0.0,0.0,0.0,0.0,0.0
deepcoder_taco_00886,5,binary,4,0.0,0.0000 | 0.0000 | 0.0000 | 0.0000,0.0,0.0,0.0,0.0,0.0
deepcoder_taco_00886,6,binary,4,0.0,0.0000 | 0.0000 | 0.0000 | 0.0000,0.0,0.0,0.0,0.0,0.0
deepcoder_taco_00886,7,binary,4,0.0,0.0000 | 0.0000 | 0.0000 | 0.0000,0.0,0.0,0.0,0.0,0.0
deepcoder_taco_00716,0,binary,4,0.0,0.0000 | 0.0000 | 0.0000 | 0.0000,0.0,0.0,0.0,0.0,0.0
deepcoder_taco_00716,1,binary,4,0.0,0.0000 | 0.0000 | 0.0000 | 0.0000,0.0,0.0,0.0,0.0,0.0
deepcoder_taco_00716,2,binary,4,0.0,0.0000 | 0.0000 | 0.0000 | 0.0000,0.0,0.0,0.0,0.0,0.0
deepcoder_taco_00716,3,binary,4,0.0,0.0000 | 0.0000 | 0.0000 | 0.0000,0.0,0.0,0.0,0.0,0.0
deepcoder_taco_00716,4,binary,4,0.0,0.0000 | 0.0000 | 0.0000 | 0.0000,0.0,0.0,0.0,0.0,0.0
deepcoder_taco_00716,5,binary,4,0.0,0.0000 | 0.0000 | 0.0000 | 0.0000,0.0,0.0,0.0,0.0,0.0
deepcoder_taco_00716,6,binary,4,0.0,0.0000 | 0.0000 | 0.0000 | 0.0000,0.0,0.0,0.0,0.0,0.0
deepcoder_taco_00716,7,binary,4,0.0,0.0000 | 0.0000 | 0.0000 | 0.0000,0.0,0.0,0.0,0.0,0.0
deepcoder_taco_01082,0,binary,4,0.0,0.0000 | 0.0000 | 0.0000 | 0.0000,0.0,0.0,0.0,0.0,0.0
deepcoder_taco_01082,1,binary,4,0.0,0.0000 | 0.0000 | 0.0000 | 0.0000,0.0,0.0,0.0,0.0,0.0
deepcoder_taco_01082,2,binary,4,0.0,0.0000 | 0.0000 | 0.0000 | 0.0000,0.0,0.0,0.0,0.0,0.0
deepcoder_taco_01082,3,binary,4,0.0,0.0000 | 0.0000 | 0.0000 | 0.0000,0.0,0.0,0.0,0.0,0.0
deepcoder_taco_01082,4,binary,4,0.0,0.0000 | 0.0000 | 0.0000 | 0.0000,0.0,0.0,0.0,0.0,0.0
deepcoder_taco_01082,5,binary,4,0.0,0.0000 | 0.0000 | 0.0000 | 0.0000,0.0,0.0,0.0,0.0,0.0
deepcoder_taco_01082,6,binary,4,0.0,0.0000 | 0.0000 | 0.0000 | 0.0000,0.0,0.0,0.0,0.0,0.0
deepcoder_taco_01082,7,binary,4,0.0,0.0000 | 0.0000 | 0.0000 | 0.0000,0.0,0.0,0.0,0.0,0.0
deepcoder_taco_00914,0,binary,4,0.0,0.0000 | 0.0000 | 0.0000 | 0.0000,0.0,0.0,0.0,0.0,0.0
deepcoder_taco_00914,1,binary,4,0.0,0.0000 | 0.0000 | 0.0000 | 0.0000,0.0,0.0,0.0,0.0,0.0
deepcoder_taco_00914,2,binary,4,0.0,0.0000 | 0.0000 | 0.0000 | 0.0000,0.0,0.0,0.0,0.0,0.0
deepcoder_taco_00914,3,binary,4,0.0,0.0000 | 0.0000 | 0.0000 | 0.0000,0.0,0.0,0.0,0.0,0.0
deepcoder_taco_00914,4,binary,4,0.0,0.0000 | 0.0000 | 0.0000 | 0.0000,0.0,0.0,0.0,0.0,0.0
deepcoder_taco_00914,5,binary,4,0.0,0.0000 | 0.0000 | 0.0000 | 0.0000,0.0,0.0,0.0,0.0,0.0
deepcoder_taco_00914,6,binary,4,0.25,0.0000 | 0.0000 | 0.0000 | 1.0000,0.375,0.5,0.0,1.0,1.0
deepcoder_taco_00914,7,binary,4,0.0,0.0000 | 0.0000 | 0.0000 | 0.0000,0.0,0.0,0.0,0.0,0.0
deepcoder_taco_00568,0,binary,4,1.0,1.0000 | 1.0000 | 1.0000 | 1.0000,0.0,0.0,1.0,1.0,0.0
deepcoder_taco_00568,1,binary,4,1.0,1.0000 | 1.0000 | 1.0000 | 1.0000,0.0,0.0,1.0,1.0,0.0
deepcoder_taco_00568,2,binary,4,0.0,0.0000 | 0.0000 | 0.0000 | 0.0000,0.0,0.0,0.0,0.0,0.0
deepcoder_taco_00568,3,binary,4,1.0,1.0000 | 1.0000 | 1.0000 | 1.0000,0.0,0.0,1.0,1.0,0.0
deepcoder_taco_00568,4,binary,4,0.75,1.0000 | 1.0000 | 0.0000 | 1.0000,0.375,0.5,0.0,1.0,1.0
deepcoder_taco_00568,5,binary,4,0.75,1.0000 | 1.0000 | 0.0000 | 1.0000,0.375,0.5,0.0,1.0,1.0
deepcoder_taco_00568,6,binary,4,0.75,1.0000 | 1.0000 | 0.0000 | 1.0000,0.375,0.5,0.0,1.0,1.0
deepcoder_taco_00568,7,binary,4,0.25,0.0000 | 1.0000 | 0.0000 | 0.0000,0.375,0.5,0.0,1.0,1.0
deepcoder_taco_01065,0,binary,4,0.0,0.0000 | 0.0000 | 0.0000 | 0.0000,0.0,0.0,0.0,0.0,0.0
deepcoder_taco_01065,1,binary,4,0.0,0.0000 | 0.0000 | 0.0000 | 0.0000,0.0,0.0,0.0,0.0,0.0
deepcoder_taco_01065,2,binary,4,1.0,1.0000 | 1.0000 | 1.0000 | 1.0000,0.0,0.0,1.0,1.0,0.0
deepcoder_taco_01065,3,binary,4,0.0,0.0000 | 0.0000 | 0.0000 | 0.0000,0.0,0.0,0.0,0.0,0.0
deepcoder_taco_01065,4,binary,4,0.0,0.0000 | 0.0000 | 0.0000 | 0.0000,0.0,0.0,0.0,0.0,0.0
deepcoder_taco_01065,5,binary,4,0.0,0.0000 | 0.0000 | 0.0000 | 0.0000,0.0,0.0,0.0,0.0,0.0
deepcoder_taco_01065,6,binary,4,0.0,0.0000 | 0.0000 | 0.0000 | 0.0000,0.0,0.0,0.0,0.0,0.0
deepcoder_taco_01065,7,binary,4,0.0,0.0000 | 0.0000 | 0.0000 | 0.0000,0.0,0.0,0.0,0.0,0.0
deepcoder_taco_00417,0,binary,4,0.5,0.0000 | 1.0000 | 1.0000 | 0.0000,0.5,0.6666666666666667,0.0,1.0,1.0
deepcoder_taco_00417,1,binary,4,0.75,0.0000 | 1.0000 | 1.0000 | 1.0000,0.375,0.5,0.0,1.0,1.0
deepcoder_taco_00417,2,binary,4,0.0,0.0000 | 0.0000 | 0.0000 | 0.0000,0.0,0.0,0.0,0.0,0.0
deepcoder_taco_00417,3,binary,4,0.5,1.0000 | 0.0000 | 1.0000 | 0.0000,0.5,0.6666666666666667,0.0,1.0,1.0
deepcoder_taco_00417,4,binary,4,0.0,0.0000 | 0.0000 | 0.0000 | 0.0000,0.0,0.0,0.0,0.0,0.0
deepcoder_taco_00417,5,binary,4,0.25,0.0000 | 1.0000 | 0.0000 | 0.0000,0.375,0.5,0.0,1.0,1.0
deepcoder_taco_00417,6,binary,4,0.5,1.0000 | 0.0000 | 0.0000 | 1.0000,0.5,0.6666666666666667,0.0,1.0,1.0
deepcoder_taco_00417,7,binary,4,0.75,1.0000 | 0.0000 | 1.0000 | 1.0000,0.375,0.5,0.0,1.0,1.0
deepcoder_taco_00679,0,binary,4,0.0,0.0000 | 0.0000 | 0.0000 | 0.0000,0.0,0.0,0.0,0.0,0.0
deepcoder_taco_00679,1,binary,4,0.0,0.0000 | 0.0000 | 0.0000 | 0.0000,0.0,0.0,0.0,0.0,0.0
deepcoder_taco_00679,2,binary,4,0.0,0.0000 | 0.0000 | 0.0000 | 0.0000,0.0,0.0,0.0,0.0,0.0
deepcoder_taco_00679,3,binary,4,0.0,0.0000 | 0.0000 | 0.0000 | 0.0000,0.0,0.0,0.0,0.0,0.0
deepcoder_taco_00679,4,binary,4,0.0,0.0000 | 0.0000 | 0.0000 | 0.0000,0.0,0.0,0.0,0.0,0.0
deepcoder_taco_00679,5,binary,4,0.0,0.0000 | 0.0000 | 0.0000 | 0.0000,0.0,0.0,0.0,0.0,0.0
deepcoder_taco_00679,6,binary,4,0.0,0.0000 | 0.0000 | 0.0000 | 0.0000,0.0,0.0,0.0,0.0,0.0
deepcoder_taco_00679,7,binary,4,0.0,0.0000 | 0.0000 | 0.0000 | 0.0000,0.0,0.0,0.0,0.0,0.0
deepcoder_taco_00831,0,binary,4,0.0,0.0000 | 0.0000 | 0.0000 | 0.0000,0.0,0.0,0.0,0.0,0.0
deepcoder_taco_00831,1,binary,4,0.0,0.0000 | 0.0000 | 0.0000 | 0.0000,0.0,0.0,0.0,0.0,0.0
deepcoder_taco_00831,2,binary,4,0.0,0.0000 | 0.0000 | 0.0000 | 0.0000,0.0,0.0,0.0,0.0,0.0
deepcoder_taco_00831,3,binary,4,0.0,0.0000 | 0.0000 | 0.0000 | 0.0000,0.0,0.0,0.0,0.0,0.0
deepcoder_taco_00831,4,binary,4,0.0,0.0000 | 0.0000 | 0.0000 | 0.0000,0.0,0.0,0.0,0.0,0.0
deepcoder_taco_00831,5,binary,4,0.0,0.0000 | 0.0000 | 0.0000 | 0.0000,0.0,0.0,0.0,0.0,0.0
deepcoder_taco_00831,6,binary,4,0.0,0.0000 | 0.0000 | 0.0000 | 0.0000,0.0,0.0,0.0,0.0,0.0
deepcoder_taco_00831,7,binary,4,0.0,0.0000 | 0.0000 | 0.0000 | 0.0000,0.0,0.0,0.0,0.0,0.0
deepcoder_taco_00061,0,binary,4,0.0,0.0000 | 0.0000 | 0.0000 | 0.0000,0.0,0.0,0.0,0.0,0.0
deepcoder_taco_00061,1,binary,4,0.25,0.0000 | 1.0000 | 0.0000 | 0.0000,0.375,0.5,0.0,1.0,1.0
deepcoder_taco_00061,2,binary,4,0.0,0.0000 | 0.0000 | 0.0000 | 0.0000,0.0,0.0,0.0,0.0,0.0
deepcoder_taco_00061,3,binary,4,0.0,0.0000 | 0.0000 | 0.0000 | 0.0000,0.0,0.0,0.0,0.0,0.0
deepcoder_taco_00061,4,binary,4,0.0,0.0000 | 0.0000 | 0.0000 | 0.0000,0.0,0.0,0.0,0.0,0.0
deepcoder_taco_00061,5,binary,4,0.0,0.0000 | 0.0000 | 0.0000 | 0.0000,0.0,0.0,0.0,0.0,0.0
deepcoder_taco_00061,6,binary,4,0.0,0.0000 | 0.0000 | 0.0000 | 0.0000,0.0,0.0,0.0,0.0,0.0
deepcoder_taco_00061,7,binary,4,0.25,0.0000 | 1.0000 | 0.0000 | 0.0000,0.375,0.5,0.0,1.0,1.0
deepcoder_taco_00486,0,binary,4,0.0,0.0000 | 0.0000 | 0.0000 | 0.0000,0.0,0.0,0.0,0.0,0.0
deepcoder_taco_00486,1,binary,4,0.5,1.0000 | 0.0000 | 1.0000 | 0.0000,0.5,0.6666666666666667,0.0,1.0,1.0
deepcoder_taco_00486,2,binary,4,0.5,1.0000 | 0.0000 | 1.0000 | 0.0000,0.5,0.6666666666666667,0.0,1.0,1.0
deepcoder_taco_00486,3,binary,4,1.0,1.0000 | 1.0000 | 1.0000 | 1.0000,0.0,0.0,1.0,1.0,0.0
deepcoder_taco_00486,4,binary,4,0.5,0.0000 | 0.0000 | 1.0000 | 1.0000,0.5,0.6666666666666667,0.0,1.0,1.0
deepcoder_taco_00486,5,binary,4,0.25,0.0000 | 0.0000 | 0.0000 | 1.0000,0.375,0.5,0.0,1.0,1.0
deepcoder_taco_00486,6,binary,4,0.0,0.0000 | 0.0000 | 0.0000 | 0.0000,0.0,0.0,0.0,0.0,0.0
deepcoder_taco_00486,7,binary,4,0.25,0.0000 | 1.0000 | 0.0000 | 0.0000,0.375,0.5,0.0,1.0,1.0
deepcoder_taco_00064,0,binary,4,0.0,0.0000 | 0.0000 | 0.0000 | 0.0000,0.0,0.0,0.0,0.0,0.0
deepcoder_taco_00064,1,binary,4,0.0,0.0000 | 0.0000 | 0.0000 | 0.0000,0.0,0.0,0.0,0.0,0.0
deepcoder_taco_00064,2,binary,4,0.0,0.0000 | 0.0000 | 0.0000 | 0.0000,0.0,0.0,0.0,0.0,0.0
deepcoder_taco_00064,3,binary,4,0.0,0.0000 | 0.0000 | 0.0000 | 0.0000,0.0,0.0,0.0,0.0,0.0
deepcoder_taco_00064,4,binary,4,0.0,0.0000 | 0.0000 | 0.0000 | 0.0000,0.0,0.0,0.0,0.0,0.0
deepcoder_taco_00064,5,binary,4,0.0,0.0000 | 0.0000 | 0.0000 | 0.0000,0.0,0.0,0.0,0.0,0.0
deepcoder_taco_00064,6,binary,4,0.25,0.0000 | 1.0000 | 0.0000 | 0.0000,0.375,0.5,0.0,1.0,1.0
deepcoder_taco_00064,7,binary,4,0.0,0.0000 | 0.0000 | 0.0000 | 0.0000,0.0,0.0,0.0,0.0,0.0
deepcoder_taco_00301,0,binary,4,0.0,0.0000 | 0.0000 | 0.0000 | 0.0000,0.0,0.0,0.0,0.0,0.0
deepcoder_taco_00301,1,binary,4,0.0,0.0000 | 0.0000 | 0.0000 | 0.0000,0.0,0.0,0.0,0.0,0.0
deepcoder_taco_00301,2,binary,4,0.0,0.0000 | 0.0000 | 0.0000 | 0.0000,0.0,0.0,0.0,0.0,0.0
deepcoder_taco_00301,3,binary,4,0.0,0.0000 | 0.0000 | 0.0000 | 0.0000,0.0,0.0,0.0,0.0,0.0
deepcoder_taco_00301,4,binary,4,0.0,0.0000 | 0.0000 | 0.0000 | 0.0000,0.0,0.0,0.0,0.0,0.0
deepcoder_taco_00301,5,binary,4,0.25,0.0000 | 0.0000 | 1.0000 | 0.0000,0.375,0.5,0.0,1.0,1.0
deepcoder_taco_00301,6,binary,4,0.0,0.0000 | 0.0000 | 0.0000 | 0.0000,0.0,0.0,0.0,0.0,0.0
deepcoder_taco_00301,7,binary,4,0.0,0.0000 | 0.0000 | 0.0000 | 0.0000,0.0,0.0,0.0,0.0,0.0
deepcoder_taco_00888,0,binary,4,0.0,0.0000 | 0.0000 | 0.0000 | 0.0000,0.0,0.0,0.0,0.0,0.0
deepcoder_taco_00888,1,binary,4,0.0,0.0000 | 0.0000 | 0.0000 | 0.0000,0.0,0.0,0.0,0.0,0.0
deepcoder_taco_00888,2,binary,4,0.0,0.0000 | 0.0000 | 0.0000 | 0.0000,0.0,0.0,0.0,0.0,0.0
deepcoder_taco_00888,3,binary,4,0.0,0.0000 | 0.0000 | 0.0000 | 0.0000,0.0,0.0,0.0,0.0,0.0
deepcoder_taco_00888,4,binary,4,0.0,0.0000 | 0.0000 | 0.0000 | 0.0000,0.0,0.0,0.0,0.0,0.0
deepcoder_taco_00888,5,binary,4,0.0,0.0000 | 0.0000 | 0.0000 | 0.0000,0.0,0.0,0.0,0.0,0.0
deepcoder_taco_00888,6,binary,4,0.0,0.0000 | 0.0000 | 0.0000 | 0.0000,0.0,0.0,0.0,0.0,0.0
deepcoder_taco_00888,7,binary,4,0.0,0.0000 | 0.0000 | 0.0000 | 0.0000,0.0,0.0,0.0,0.0,0.0
deepcoder_taco_00212,0,binary,4,0.0,0.0000 | 0.0000 | 0.0000 | 0.0000,0.0,0.0,0.0,0.0,0.0
deepcoder_taco_00212,1,binary,4,0.0,0.0000 | 0.0000 | 0.0000 | 0.0000,0.0,0.0,0.0,0.0,0.0
deepcoder_taco_00212,2,binary,4,0.0,0.0000 | 0.0000 | 0.0000 | 0.0000,0.0,0.0,0.0,0.0,0.0
deepcoder_taco_00212,3,binary,4,0.0,0.0000 | 0.0000 | 0.0000 | 0.0000,0.0,0.0,0.0,0.0,0.0
deepcoder_taco_00212,4,binary,4,0.0,0.0000 | 0.0000 | 0.0000 | 0.0000,0.0,0.0,0.0,0.0,0.0
deepcoder_taco_00212,5,binary,4,0.0,0.0000 | 0.0000 | 0.0000 | 0.0000,0.0,0.0,0.0,0.0,0.0
deepcoder_taco_00212,6,binary,4,0.0,0.0000 | 0.0000 | 0.0000 | 0.0000,0.0,0.0,0.0,0.0,0.0
deepcoder_taco_00212,7,binary,4,0.0,0.0000 | 0.0000 | 0.0000 | 0.0000,0.0,0.0,0.0,0.0,0.0
deepcoder_taco_00534,0,binary,4,0.0,0.0000 | 0.0000 | 0.0000 | 0.0000,0.0,0.0,0.0,0.0,0.0
deepcoder_taco_00534,1,binary,4,0.0,0.0000 | 0.0000 | 0.0000 | 0.0000,0.0,0.0,0.0,0.0,0.0
deepcoder_taco_00534,2,binary,4,0.0,0.0000 | 0.0000 | 0.0000 | 0.0000,0.0,0.0,0.0,0.0,0.0
deepcoder_taco_00534,3,binary,4,0.0,0.0000 | 0.0000 | 0.0000 | 0.0000,0.0,0.0,0.0,0.0,0.0
deepcoder_taco_00534,4,binary,4,0.0,0.0000 | 0.0000 | 0.0000 | 0.0000,0.0,0.0,0.0,0.0,0.0
deepcoder_taco_00534,5,binary,4,0.0,0.0000 | 0.0000 | 0.0000 | 0.0000,0.0,0.0,0.0,0.0,0.0
deepcoder_taco_00534,6,binary,4,0.0,0.0000 | 0.0000 | 0.0000 | 0.0000,0.0,0.0,0.0,0.0,0.0
deepcoder_taco_00534,7,binary,4,0.0,0.0000 | 0.0000 | 0.0000 | 0.0000,0.0,0.0,0.0,0.0,0.0
deepcoder_taco_00906,0,binary,4,0.0,0.0000 | 0.0000 | 0.0000 | 0.0000,0.0,0.0,0.0,0.0,0.0
deepcoder_taco_00906,1,binary,4,0.0,0.0000 | 0.0000 | 0.0000 | 0.0000,0.0,0.0,0.0,0.0,0.0
deepcoder_taco_00906,2,binary,4,0.0,0.0000 | 0.0000 | 0.0000 | 0.0000,0.0,0.0,0.0,0.0,0.0
deepcoder_taco_00906,3,binary,4,0.0,0.0000 | 0.0000 | 0.0000 | 0.0000,0.0,0.0,0.0,0.0,0.0
deepcoder_taco_00906,4,binary,4,0.0,0.0000 | 0.0000 | 0.0000 | 0.0000,0.0,0.0,0.0,0.0,0.0
deepcoder_taco_00906,5,binary,4,0.0,0.0000 | 0.0000 | 0.0000 | 0.0000,0.0,0.0,0.0,0.0,0.0
deepcoder_taco_00906,6,binary,4,0.0,0.0000 | 0.0000 | 0.0000 | 0.0000,0.0,0.0,0.0,0.0,0.0
deepcoder_taco_00906,7,binary,4,0.0,0.0000 | 0.0000 | 0.0000 | 0.0000,0.0,0.0,0.0,0.0,0.0
deepcoder_taco_00200,0,binary,4,0.0,0.0000 | 0.0000 | 0.0000 | 0.0000,0.0,0.0,0.0,0.0,0.0
deepcoder_taco_00200,1,binary,4,0.25,0.0000 | 1.0000 | 0.0000 | 0.0000,0.375,0.5,0.0,1.0,1.0
deepcoder_taco_00200,2,binary,4,0.0,0.0000 | 0.0000 | 0.0000 | 0.0000,0.0,0.0,0.0,0.0,0.0
deepcoder_taco_00200,3,binary,4,0.0,0.0000 | 0.0000 | 0.0000 | 0.0000,0.0,0.0,0.0,0.0,0.0
deepcoder_taco_00200,4,binary,4,0.0,0.0000 | 0.0000 | 0.0000 | 0.0000,0.0,0.0,0.0,0.0,0.0
deepcoder_taco_00200,5,binary,4,0.25,0.0000 | 1.0000 | 0.0000 | 0.0000,0.375,0.5,0.0,1.0,1.0
deepcoder_taco_00200,6,binary,4,0.0,0.0000 | 0.0000 | 0.0000 | 0.0000,0.0,0.0,0.0,0.0,0.0
deepcoder_taco_00200,7,binary,4,0.5,1.0000 | 1.0000 | 0.0000 | 0.0000,0.5,0.6666666666666667,0.0,1.0,1.0
deepcoder_taco_00171,0,binary,4,0.0,0.0000 | 0.0000 | 0.0000 | 0.0000,0.0,0.0,0.0,0.0,0.0
deepcoder_taco_00171,1,binary,4,0.0,0.0000 | 0.0000 | 0.0000 | 0.0000,0.0,0.0,0.0,0.0,0.0
deepcoder_taco_00171,2,binary,4,0.0,0.0000 | 0.0000 | 0.0000 | 0.0000,0.0,0.0,0.0,0.0,0.0
deepcoder_taco_00171,3,binary,4,0.0,0.0000 | 0.0000 | 0.0000 | 0.0000,0.0,0.0,0.0,0.0,0.0
deepcoder_taco_00171,4,binary,4,0.0,0.0000 | 0.0000 | 0.0000 | 0.0000,0.0,0.0,0.0,0.0,0.0
deepcoder_taco_00171,5,binary,4,0.0,0.0000 | 0.0000 | 0.0000 | 0.0000,0.0,0.0,0.0,0.0,0.0
deepcoder_taco_00171,6,binary,4,0.0,0.0000 | 0.0000 | 0.0000 | 0.0000,0.0,0.0,0.0,0.0,0.0
deepcoder_taco_00171,7,binary,4,0.0,0.0000 | 0.0000 | 0.0000 | 0.0000,0.0,0.0,0.0,0.0,0.0
deepcoder_taco_00855,0,binary,4,0.0,0.0000 | 0.0000 | 0.0000 | 0.0000,0.0,0.0,0.0,0.0,0.0
deepcoder_taco_00855,1,binary,4,0.0,0.0000 | 0.0000 | 0.0000 | 0.0000,0.0,0.0,0.0,0.0,0.0
deepcoder_taco_00855,2,binary,4,0.0,0.0000 | 0.0000 | 0.0000 | 0.0000,0.0,0.0,0.0,0.0,0.0
deepcoder_taco_00855,3,binary,4,0.0,0.0000 | 0.0000 | 0.0000 | 0.0000,0.0,0.0,0.0,0.0,0.0
deepcoder_taco_00855,4,binary,4,0.0,0.0000 | 0.0000 | 0.0000 | 0.0000,0.0,0.0,0.0,0.0,0.0
deepcoder_taco_00855,5,binary,4,0.0,0.0000 | 0.0000 | 0.0000 | 0.0000,0.0,0.0,0.0,0.0,0.0
deepcoder_taco_00855,6,binary,4,0.0,0.0000 | 0.0000 | 0.0000 | 0.0000,0.0,0.0,0.0,0.0,0.0
deepcoder_taco_00855,7,binary,4,0.0,0.0000 | 0.0000 | 0.0000 | 0.0000,0.0,0.0,0.0,0.0,0.0
deepcoder_taco_00132,0,binary,4,0.0,0.0000 | 0.0000 | 0.0000 | 0.0000,0.0,0.0,0.0,0.0,0.0
deepcoder_taco_00132,1,binary,4,0.0,0.0000 | 0.0000 | 0.0000 | 0.0000,0.0,0.0,0.0,0.0,0.0
deepcoder_taco_00132,2,binary,4,0.0,0.0000 | 0.0000 | 0.0000 | 0.0000,0.0,0.0,0.0,0.0,0.0
deepcoder_taco_00132,3,binary,4,0.0,0.0000 | 0.0000 | 0.0000 | 0.0000,0.0,0.0,0.0,0.0,0.0
deepcoder_taco_00132,4,binary,4,0.0,0.0000 | 0.0000 | 0.0000 | 0.0000,0.0,0.0,0.0,0.0,0.0
deepcoder_taco_00132,5,binary,4,0.0,0.0000 | 0.0000 | 0.0000 | 0.0000,0.0,0.0,0.0,0.0,0.0
deepcoder_taco_00132,6,binary,4,0.0,0.0000 | 0.0000 | 0.0000 | 0.0000,0.0,0.0,0.0,0.0,0.0
deepcoder_taco_00132,7,binary,4,0.0,0.0000 | 0.0000 | 0.0000 | 0.0000,0.0,0.0,0.0,0.0,0.0
deepcoder_taco_00488,0,binary,4,0.75,0.0000 | 1.0000 | 1.0000 | 1.0000,0.375,0.5,0.0,1.0,1.0
deepcoder_taco_00488,1,binary,4,0.75,0.0000 | 1.0000 | 1.0000 | 1.0000,0.375,0.5,0.0,1.0,1.0
deepcoder_taco_00488,2,binary,4,0.75,0.0000 | 1.0000 | 1.0000 | 1.0000,0.375,0.5,0.0,1.0,1.0
deepcoder_taco_00488,3,binary,4,1.0,1.0000 | 1.0000 | 1.0000 | 1.0000,0.0,0.0,1.0,1.0,0.0
deepcoder_taco_00488,4,binary,4,0.5,0.0000 | 1.0000 | 0.0000 | 1.0000,0.5,0.6666666666666667,0.0,1.0,1.0
deepcoder_taco_00488,5,binary,4,0.5,0.0000 | 1.0000 | 0.0000 | 1.0000,0.5,0.6666666666666667,0.0,1.0,1.0
deepcoder_taco_00488,6,binary,4,0.75,1.0000 | 1.0000 | 1.0000 | 0.0000,0.375,0.5,0.0,1.0,1.0
deepcoder_taco_00488,7,binary,4,0.5,0.0000 | 0.0000 | 1.0000 | 1.0000,0.5,0.6666666666666667,0.0,1.0,1.0
deepcoder_taco_01113,0,binary,4,0.0,0.0000 | 0.0000 | 0.0000 | 0.0000,0.0,0.0,0.0,0.0,0.0
deepcoder_taco_01113,1,binary,4,0.0,0.0000 | 0.0000 | 0.0000 | 0.0000,0.0,0.0,0.0,0.0,0.0
deepcoder_taco_01113,2,binary,4,0.0,0.0000 | 0.0000 | 0.0000 | 0.0000,0.0,0.0,0.0,0.0,0.0
deepcoder_taco_01113,3,binary,4,0.0,0.0000 | 0.0000 | 0.0000 | 0.0000,0.0,0.0,0.0,0.0,0.0
deepcoder_taco_01113,4,binary,4,0.0,0.0000 | 0.0000 | 0.0000 | 0.0000,0.0,0.0,0.0,0.0,0.0
deepcoder_taco_01113,5,binary,4,0.0,0.0000 | 0.0000 | 0.0000 | 0.0000,0.0,0.0,0.0,0.0,0.0
deepcoder_taco_01113,6,binary,4,0.0,0.0000 | 0.0000 | 0.0000 | 0.0000,0.0,0.0,0.0,0.0,0.0
deepcoder_taco_01113,7,binary,4,0.0,0.0000 | 0.0000 | 0.0000 | 0.0000,0.0,0.0,0.0,0.0,0.0
deepcoder_taco_00022,0,binary,4,0.0,0.0000 | 0.0000 | 0.0000 | 0.0000,0.0,0.0,0.0,0.0,0.0
deepcoder_taco_00022,1,binary,4,0.0,0.0000 | 0.0000 | 0.0000 | 0.0000,0.0,0.0,0.0,0.0,0.0
deepcoder_taco_00022,2,binary,4,0.0,0.0000 | 0.0000 | 0.0000 | 0.0000,0.0,0.0,0.0,0.0,0.0
deepcoder_taco_00022,3,binary,4,0.0,0.0000 | 0.0000 | 0.0000 | 0.0000,0.0,0.0,0.0,0.0,0.0
deepcoder_taco_00022,4,binary,4,0.0,0.0000 | 0.0000 | 0.0000 | 0.0000,0.0,0.0,0.0,0.0,0.0
deepcoder_taco_00022,5,binary,4,0.0,0.0000 | 0.0000 | 0.0000 | 0.0000,0.0,0.0,0.0,0.0,0.0
deepcoder_taco_00022,6,binary,4,0.0,0.0000 | 0.0000 | 0.0000 | 0.0000,0.0,0.0,0.0,0.0,0.0
deepcoder_taco_00022,7,binary,4,0.0,0.0000 | 0.0000 | 0.0000 | 0.0000,0.0,0.0,0.0,0.0,0.0
deepcoder_taco_00216,0,binary,4,0.0,0.0000 | 0.0000 | 0.0000 | 0.0000,0.0,0.0,0.0,0.0,0.0
deepcoder_taco_00216,1,binary,4,0.0,0.0000 | 0.0000 | 0.0000 | 0.0000,0.0,0.0,0.0,0.0,0.0
deepcoder_taco_00216,2,binary,4,0.0,0.0000 | 0.0000 | 0.0000 | 0.0000,0.0,0.0,0.0,0.0,0.0
deepcoder_taco_00216,3,binary,4,0.0,0.0000 | 0.0000 | 0.0000 | 0.0000,0.0,0.0,0.0,0.0,0.0
deepcoder_taco_00216,4,binary,4,0.0,0.0000 | 0.0000 | 0.0000 | 0.0000,0.0,0.0,0.0,0.0,0.0
deepcoder_taco_00216,5,binary,4,0.0,0.0000 | 0.0000 | 0.0000 | 0.0000,0.0,0.0,0.0,0.0,0.0
deepcoder_taco_00216,6,binary,4,0.0,0.0000 | 0.0000 | 0.0000 | 0.0000,0.0,0.0,0.0,0.0,0.0
deepcoder_taco_00216,7,binary,4,0.0,0.0000 | 0.0000 | 0.0000 | 0.0000,0.0,0.0,0.0,0.0,0.0
deepcoder_taco_00472,0,binary,4,0.0,0.0000 | 0.0000 | 0.0000 | 0.0000,0.0,0.0,0.0,0.0,0.0
deepcoder_taco_00472,1,binary,4,0.0,0.0000 | 0.0000 | 0.0000 | 0.0000,0.0,0.0,0.0,0.0,0.0
deepcoder_taco_00472,2,binary,4,0.0,0.0000 | 0.0000 | 0.0000 | 0.0000,0.0,0.0,0.0,0.0,0.0
deepcoder_taco_00472,3,binary,4,0.0,0.0000 | 0.0000 | 0.0000 | 0.0000,0.0,0.0,0.0,0.0,0.0
deepcoder_taco_00472,4,binary,4,0.0,0.0000 | 0.0000 | 0.0000 | 0.0000,0.0,0.0,0.0,0.0,0.0
deepcoder_taco_00472,5,binary,4,0.0,0.0000 | 0.0000 | 0.0000 | 0.0000,0.0,0.0,0.0,0.0,0.0
deepcoder_taco_00472,6,binary,4,0.0,0.0000 | 0.0000 | 0.0000 | 0.0000,0.0,0.0,0.0,0.0,0.0
deepcoder_taco_00472,7,binary,4,0.0,0.0000 | 0.0000 | 0.0000 | 0.0000,0.0,0.0,0.0,0.0,0.0
deepcoder_taco_00671,0,binary,4,0.0,0.0000 | 0.0000 | 0.0000 | 0.0000,0.0,0.0,0.0,0.0,0.0
deepcoder_taco_00671,1,binary,4,0.0,0.0000 | 0.0000 | 0.0000 | 0.0000,0.0,0.0,0.0,0.0,0.0
deepcoder_taco_00671,2,binary,4,0.0,0.0000 | 0.0000 | 0.0000 | 0.0000,0.0,0.0,0.0,0.0,0.0
deepcoder_taco_00671,3,binary,4,0.0,0.0000 | 0.0000 | 0.0000 | 0.0000,0.0,0.0,0.0,0.0,0.0
deepcoder_taco_00671,4,binary,4,0.0,0.0000 | 0.0000 | 0.0000 | 0.0000,0.0,0.0,0.0,0.0,0.0
deepcoder_taco_00671,5,binary,4,0.0,0.0000 | 0.0000 | 0.0000 | 0.0000,0.0,0.0,0.0,0.0,0.0
deepcoder_taco_00671,6,binary,4,0.0,0.0000 | 0.0000 | 0.0000 | 0.0000,0.0,0.0,0.0,0.0,0.0
deepcoder_taco_00671,7,binary,4,0.0,0.0000 | 0.0000 | 0.0000 | 0.0000,0.0,0.0,0.0,0.0,0.0
deepcoder_taco_00764,0,binary,4,0.25,0.0000 | 0.0000 | 0.0000 | 1.0000,0.375,0.5,0.0,1.0,1.0
deepcoder_taco_00764,1,binary,4,0.0,0.0000 | 0.0000 | 0.0000 | 0.0000,0.0,0.0,0.0,0.0,0.0
deepcoder_taco_00764,2,binary,4,0.25,0.0000 | 0.0000 | 0.0000 | 1.0000,0.375,0.5,0.0,1.0,1.0
deepcoder_taco_00764,3,binary,4,0.0,0.0000 | 0.0000 | 0.0000 | 0.0000,0.0,0.0,0.0,0.0,0.0
deepcoder_taco_00764,4,binary,4,0.25,1.0000 | 0.0000 | 0.0000 | 0.0000,0.375,0.5,0.0,1.0,1.0
deepcoder_taco_00764,5,binary,4,0.0,0.0000 | 0.0000 | 0.0000 | 0.0000,0.0,0.0,0.0,0.0,0.0
deepcoder_taco_00764,6,binary,4,0.25,0.0000 | 0.0000 | 0.0000 | 1.0000,0.375,0.5,0.0,1.0,1.0
deepcoder_taco_00764,7,binary,4,0.0,0.0000 | 0.0000 | 0.0000 | 0.0000,0.0,0.0,0.0,0.0,0.0
deepcoder_taco_00877,0,binary,4,0.0,0.0000 | 0.0000 | 0.0000 | 0.0000,0.0,0.0,0.0,0.0,0.0
deepcoder_taco_00877,1,binary,4,0.0,0.0000 | 0.0000 | 0.0000 | 0.0000,0.0,0.0,0.0,0.0,0.0
deepcoder_taco_00877,2,binary,4,0.0,0.0000 | 0.0000 | 0.0000 | 0.0000,0.0,0.0,0.0,0.0,0.0
deepcoder_taco_00877,3,binary,4,0.0,0.0000 | 0.0000 | 0.0000 | 0.0000,0.0,0.0,0.0,0.0,0.0
deepcoder_taco_00877,4,binary,4,0.0,0.0000 | 0.0000 | 0.0000 | 0.0000,0.0,0.0,0.0,0.0,0.0
deepcoder_taco_00877,5,binary,4,0.0,0.0000 | 0.0000 | 0.0000 | 0.0000,0.0,0.0,0.0,0.0,0.0
deepcoder_taco_00877,6,binary,4,0.0,0.0000 | 0.0000 | 0.0000 | 0.0000,0.0,0.0,0.0,0.0,0.0
deepcoder_taco_00877,7,binary,4,0.0,0.0000 | 0.0000 | 0.0000 | 0.0000,0.0,0.0,0.0,0.0,0.0
deepcoder_taco_00251,0,binary,4,0.0,0.0000 | 0.0000 | 0.0000 | 0.0000,0.0,0.0,0.0,0.0,0.0
deepcoder_taco_00251,1,binary,4,0.0,0.0000 | 0.0000 | 0.0000 | 0.0000,0.0,0.0,0.0,0.0,0.0
deepcoder_taco_00251,2,binary,4,0.0,0.0000 | 0.0000 | 0.0000 | 0.0000,0.0,0.0,0.0,0.0,0.0
deepcoder_taco_00251,3,binary,4,0.0,0.0000 | 0.0000 | 0.0000 | 0.0000,0.0,0.0,0.0,0.0,0.0
deepcoder_taco_00251,4,binary,4,0.0,0.0000 | 0.0000 | 0.0000 | 0.0000,0.0,0.0,0.0,0.0,0.0
deepcoder_taco_00251,5,binary,4,0.0,0.0000 | 0.0000 | 0.0000 | 0.0000,0.0,0.0,0.0,0.0,0.0
deepcoder_taco_00251,6,binary,4,0.0,0.0000 | 0.0000 | 0.0000 | 0.0000,0.0,0.0,0.0,0.0,0.0
deepcoder_taco_00251,7,binary,4,0.0,0.0000 | 0.0000 | 0.0000 | 0.0000,0.0,0.0,0.0,0.0,0.0
deepcoder_taco_00668,0,binary,4,0.0,0.0000 | 0.0000 | 0.0000 | 0.0000,0.0,0.0,0.0,0.0,0.0
deepcoder_taco_00668,1,binary,4,0.0,0.0000 | 0.0000 | 0.0000 | 0.0000,0.0,0.0,0.0,0.0,0.0
deepcoder_taco_00668,2,binary,4,0.0,0.0000 | 0.0000 | 0.0000 | 0.0000,0.0,0.0,0.0,0.0,0.0
deepcoder_taco_00668,3,binary,4,0.0,0.0000 | 0.0000 | 0.0000 | 0.0000,0.0,0.0,0.0,0.0,0.0
deepcoder_taco_00668,4,binary,4,0.0,0.0000 | 0.0000 | 0.0000 | 0.0000,0.0,0.0,0.0,0.0,0.0
deepcoder_taco_00668,5,binary,4,0.0,0.0000 | 0.0000 | 0.0000 | 0.0000,0.0,0.0,0.0,0.0,0.0
deepcoder_taco_00668,6,binary,4,0.0,0.0000 | 0.0000 | 0.0000 | 0.0000,0.0,0.0,0.0,0.0,0.0
deepcoder_taco_00668,7,binary,4,0.0,0.0000 | 0.0000 | 0.0000 | 0.0000,0.0,0.0,0.0,0.0,0.0
deepcoder_taco_00663,0,binary,4,1.0,1.0000 | 1.0000 | 1.0000 | 1.0000,0.0,0.0,1.0,1.0,0.0
deepcoder_taco_00663,1,binary,4,0.0,0.0000 | 0.0000 | 0.0000 | 0.0000,0.0,0.0,0.0,0.0,0.0
deepcoder_taco_00663,2,binary,4,1.0,1.0000 | 1.0000 | 1.0000 | 1.0000,0.0,0.0,1.0,1.0,0.0
deepcoder_taco_00663,3,binary,4,1.0,1.0000 | 1.0000 | 1.0000 | 1.0000,0.0,0.0,1.0,1.0,0.0
deepcoder_taco_00663,4,binary,4,1.0,1.0000 | 1.0000 | 1.0000 | 1.0000,0.0,0.0,1.0,1.0,0.0
deepcoder_taco_00663,5,binary,4,1.0,1.0000 | 1.0000 | 1.0000 | 1.0000,0.0,0.0,1.0,1.0,0.0
deepcoder_taco_00663,6,binary,4,1.0,1.0000 | 1.0000 | 1.0000 | 1.0000,0.0,0.0,1.0,1.0,0.0
deepcoder_taco_00663,7,binary,4,0.25,0.0000 | 0.0000 | 0.0000 | 1.0000,0.375,0.5,0.0,1.0,1.0
deepcoder_taco_00340,0,binary,4,0.0,0.0000 | 0.0000 | 0.0000 | 0.0000,0.0,0.0,0.0,0.0,0.0
deepcoder_taco_00340,1,binary,4,0.0,0.0000 | 0.0000 | 0.0000 | 0.0000,0.0,0.0,0.0,0.0,0.0
deepcoder_taco_00340,2,binary,4,0.0,0.0000 | 0.0000 | 0.0000 | 0.0000,0.0,0.0,0.0,0.0,0.0
deepcoder_taco_00340,3,binary,4,0.0,0.0000 | 0.0000 | 0.0000 | 0.0000,0.0,0.0,0.0,0.0,0.0
deepcoder_taco_00340,4,binary,4,0.0,0.0000 | 0.0000 | 0.0000 | 0.0000,0.0,0.0,0.0,0.0,0.0
deepcoder_taco_00340,5,binary,4,0.25,1.0000 | 0.0000 | 0.0000 | 0.0000,0.375,0.5,0.0,1.0,1.0
deepcoder_taco_00340,6,binary,4,0.25,1.0000 | 0.0000 | 0.0000 | 0.0000,0.375,0.5,0.0,1.0,1.0
deepcoder_taco_00340,7,binary,4,0.75,0.0000 | 1.0000 | 1.0000 | 1.0000,0.375,0.5,0.0,1.0,1.0
deepcoder_taco_00726,0,binary,4,0.0,0.0000 | 0.0000 | 0.0000 | 0.0000,0.0,0.0,0.0,0.0,0.0
deepcoder_taco_00726,1,binary,4,0.0,0.0000 | 0.0000 | 0.0000 | 0.0000,0.0,0.0,0.0,0.0,0.0
deepcoder_taco_00726,2,binary,4,0.0,0.0000 | 0.0000 | 0.0000 | 0.0000,0.0,0.0,0.0,0.0,0.0
deepcoder_taco_00726,3,binary,4,0.0,0.0000 | 0.0000 | 0.0000 | 0.0000,0.0,0.0,0.0,0.0,0.0
deepcoder_taco_00726,4,binary,4,0.0,0.0000 | 0.0000 | 0.0000 | 0.0000,0.0,0.0,0.0,0.0,0.0
deepcoder_taco_00726,5,binary,4,0.0,0.0000 | 0.0000 | 0.0000 | 0.0000,0.0,0.0,0.0,0.0,0.0
deepcoder_taco_00726,6,binary,4,0.0,0.0000 | 0.0000 | 0.0000 | 0.0000,0.0,0.0,0.0,0.0,0.0
deepcoder_taco_00726,7,binary,4,0.0,0.0000 | 0.0000 | 0.0000 | 0.0000,0.0,0.0,0.0,0.0,0.0
deepcoder_taco_00437,0,binary,4,0.0,0.0000 | 0.0000 | 0.0000 | 0.0000,0.0,0.0,0.0,0.0,0.0
deepcoder_taco_00437,1,binary,4,0.25,0.0000 | 0.0000 | 1.0000 | 0.0000,0.375,0.5,0.0,1.0,1.0
deepcoder_taco_00437,2,binary,4,0.75,1.0000 | 1.0000 | 0.0000 | 1.0000,0.375,0.5,0.0,1.0,1.0
deepcoder_taco_00437,3,binary,4,0.0,0.0000 | 0.0000 | 0.0000 | 0.0000,0.0,0.0,0.0,0.0,0.0
deepcoder_taco_00437,4,binary,4,0.5,0.0000 | 1.0000 | 1.0000 | 0.0000,0.5,0.6666666666666667,0.0,1.0,1.0
deepcoder_taco_00437,5,binary,4,0.0,0.0000 | 0.0000 | 0.0000 | 0.0000,0.0,0.0,0.0,0.0,0.0
deepcoder_taco_00437,6,binary,4,0.0,0.0000 | 0.0000 | 0.0000 | 0.0000,0.0,0.0,0.0,0.0,0.0
deepcoder_taco_00437,7,binary,4,0.0,0.0000 | 0.0000 | 0.0000 | 0.0000,0.0,0.0,0.0,0.0,0.0
deepcoder_taco_00412,0,binary,4,0.0,0.0000 | 0.0000 | 0.0000 | 0.0000,0.0,0.0,0.0,0.0,0.0
deepcoder_taco_00412,1,binary,4,0.0,0.0000 | 0.0000 | 0.0000 | 0.0000,0.0,0.0,0.0,0.0,0.0
deepcoder_taco_00412,2,binary,4,0.0,0.0000 | 0.0000 | 0.0000 | 0.0000,0.0,0.0,0.0,0.0,0.0
deepcoder_taco_00412,3,binary,4,0.0,0.0000 | 0.0000 | 0.0000 | 0.0000,0.0,0.0,0.0,0.0,0.0
deepcoder_taco_00412,4,binary,4,0.0,0.0000 | 0.0000 | 0.0000 | 0.0000,0.0,0.0,0.0,0.0,0.0
deepcoder_taco_00412,5,binary,4,0.0,0.0000 | 0.0000 | 0.0000 | 0.0000,0.0,0.0,0.0,0.0,0.0
deepcoder_taco_00412,6,binary,4,0.0,0.0000 | 0.0000 | 0.0000 | 0.0000,0.0,0.0,0.0,0.0,0.0
deepcoder_taco_00412,7,binary,4,0.0,0.0000 | 0.0000 | 0.0000 | 0.0000,0.0,0.0,0.0,0.0,0.0
deepcoder_taco_01010,0,binary,4,0.0,0.0000 | 0.0000 | 0.0000 | 0.0000,0.0,0.0,0.0,0.0,0.0
deepcoder_taco_01010,1,binary,4,0.25,1.0000 | 0.0000 | 0.0000 | 0.0000,0.375,0.5,0.0,1.0,1.0
deepcoder_taco_01010,2,binary,4,0.0,0.0000 | 0.0000 | 0.0000 | 0.0000,0.0,0.0,0.0,0.0,0.0
deepcoder_taco_01010,3,binary,4,0.0,0.0000 | 0.0000 | 0.0000 | 0.0000,0.0,0.0,0.0,0.0,0.0
deepcoder_taco_01010,4,binary,4,0.0,0.0000 | 0.0000 | 0.0000 | 0.0000,0.0,0.0,0.0,0.0,0.0
deepcoder_taco_01010,5,binary,4,0.0,0.0000 | 0.0000 | 0.0000 | 0.0000,0.0,0.0,0.0,0.0,0.0
deepcoder_taco_01010,6,binary,4,0.0,0.0000 | 0.0000 | 0.0000 | 0.0000,0.0,0.0,0.0,0.0,0.0
deepcoder_taco_01010,7,binary,4,0.5,0.0000 | 1.0000 | 0.0000 | 1.0000,0.5,0.6666666666666667,0.0,1.0,1.0
deepcoder_taco_00377,0,binary,4,0.0,0.0000 | 0.0000 | 0.0000 | 0.0000,0.0,0.0,0.0,0.0,0.0
deepcoder_taco_00377,1,binary,4,0.0,0.0000 | 0.0000 | 0.0000 | 0.0000,0.0,0.0,0.0,0.0,0.0
deepcoder_taco_00377,2,binary,4,0.0,0.0000 | 0.0000 | 0.0000 | 0.0000,0.0,0.0,0.0,0.0,0.0
deepcoder_taco_00377,3,binary,4,0.0,0.0000 | 0.0000 | 0.0000 | 0.0000,0.0,0.0,0.0,0.0,0.0
deepcoder_taco_00377,4,binary,4,0.0,0.0000 | 0.0000 | 0.0000 | 0.0000,0.0,0.0,0.0,0.0,0.0
deepcoder_taco_00377,5,binary,4,0.0,0.0000 | 0.0000 | 0.0000 | 0.0000,0.0,0.0,0.0,0.0,0.0
deepcoder_taco_00377,6,binary,4,0.0,0.0000 | 0.0000 | 0.0000 | 0.0000,0.0,0.0,0.0,0.0,0.0
deepcoder_taco_00377,7,binary,4,0.25,1.0000 | 0.0000 | 0.0000 | 0.0000,0.375,0.5,0.0,1.0,1.0
deepcoder_taco_00020,0,binary,4,0.0,0.0000 | 0.0000 | 0.0000 | 0.0000,0.0,0.0,0.0,0.0,0.0
deepcoder_taco_00020,1,binary,4,0.0,0.0000 | 0.0000 | 0.0000 | 0.0000,0.0,0.0,0.0,0.0,0.0
deepcoder_taco_00020,2,binary,4,0.0,0.0000 | 0.0000 | 0.0000 | 0.0000,0.0,0.0,0.0,0.0,0.0
deepcoder_taco_00020,3,binary,4,0.0,0.0000 | 0.0000 | 0.0000 | 0.0000,0.0,0.0,0.0,0.0,0.0
deepcoder_taco_00020,4,binary,4,0.0,0.0000 | 0.0000 | 0.0000 | 0.0000,0.0,0.0,0.0,0.0,0.0
deepcoder_taco_00020,5,binary,4,0.0,0.0000 | 0.0000 | 0.0000 | 0.0000,0.0,0.0,0.0,0.0,0.0
deepcoder_taco_00020,6,binary,4,0.0,0.0000 | 0.0000 | 0.0000 | 0.0000,0.0,0.0,0.0,0.0,0.0
deepcoder_taco_00020,7,binary,4,0.0,0.0000 | 0.0000 | 0.0000 | 0.0000,0.0,0.0,0.0,0.0,0.0
deepcoder_taco_00231,0,binary,4,0.0,0.0000 | 0.0000 | 0.0000 | 0.0000,0.0,0.0,0.0,0.0,0.0
deepcoder_taco_00231,1,binary,4,0.0,0.0000 | 0.0000 | 0.0000 | 0.0000,0.0,0.0,0.0,0.0,0.0
deepcoder_taco_00231,2,binary,4,0.0,0.0000 | 0.0000 | 0.0000 | 0.0000,0.0,0.0,0.0,0.0,0.0
deepcoder_taco_00231,3,binary,4,0.0,0.0000 | 0.0000 | 0.0000 | 0.0000,0.0,0.0,0.0,0.0,0.0
deepcoder_taco_00231,4,binary,4,0.0,0.0000 | 0.0000 | 0.0000 | 0.0000,0.0,0.0,0.0,0.0,0.0
deepcoder_taco_00231,5,binary,4,0.0,0.0000 | 0.0000 | 0.0000 | 0.0000,0.0,0.0,0.0,0.0,0.0
deepcoder_taco_00231,6,binary,4,0.0,0.0000 | 0.0000 | 0.0000 | 0.0000,0.0,0.0,0.0,0.0,0.0
deepcoder_taco_00231,7,binary,4,0.0,0.0000 | 0.0000 | 0.0000 | 0.0000,0.0,0.0,0.0,0.0,0.0
deepcoder_taco_00001,0,binary,4,0.0,0.0000 | 0.0000 | 0.0000 | 0.0000,0.0,0.0,0.0,0.0,0.0
deepcoder_taco_00001,1,binary,4,0.0,0.0000 | 0.0000 | 0.0000 | 0.0000,0.0,0.0,0.0,0.0,0.0
deepcoder_taco_00001,2,binary,4,0.0,0.0000 | 0.0000 | 0.0000 | 0.0000,0.0,0.0,0.0,0.0,0.0
deepcoder_taco_00001,3,binary,4,0.0,0.0000 | 0.0000 | 0.0000 | 0.0000,0.0,0.0,0.0,0.0,0.0
deepcoder_taco_00001,4,binary,4,0.0,0.0000 | 0.0000 | 0.0000 | 0.0000,0.0,0.0,0.0,0.0,0.0
deepcoder_taco_00001,5,binary,4,0.0,0.0000 | 0.0000 | 0.0000 | 0.0000,0.0,0.0,0.0,0.0,0.0
deepcoder_taco_00001,6,binary,4,0.0,0.0000 | 0.0000 | 0.0000 | 0.0000,0.0,0.0,0.0,0.0,0.0
deepcoder_taco_00001,7,binary,4,0.0,0.0000 | 0.0000 | 0.0000 | 0.0000,0.0,0.0,0.0,0.0,0.0
deepcoder_taco_00044,0,binary,4,0.0,0.0000 | 0.0000 | 0.0000 | 0.0000,0.0,0.0,0.0,0.0,0.0
deepcoder_taco_00044,1,binary,4,0.0,0.0000 | 0.0000 | 0.0000 | 0.0000,0.0,0.0,0.0,0.0,0.0
deepcoder_taco_00044,2,binary,4,0.0,0.0000 | 0.0000 | 0.0000 | 0.0000,0.0,0.0,0.0,0.0,0.0
deepcoder_taco_00044,3,binary,4,0.0,0.0000 | 0.0000 | 0.0000 | 0.0000,0.0,0.0,0.0,0.0,0.0
deepcoder_taco_00044,4,binary,4,0.0,0.0000 | 0.0000 | 0.0000 | 0.0000,0.0,0.0,0.0,0.0,0.0
deepcoder_taco_00044,5,binary,4,0.0,0.0000 | 0.0000 | 0.0000 | 0.0000,0.0,0.0,0.0,0.0,0.0
deepcoder_taco_00044,6,binary,4,0.0,0.0000 | 0.0000 | 0.0000 | 0.0000,0.0,0.0,0.0,0.0,0.0
deepcoder_taco_00044,7,binary,4,0.0,0.0000 | 0.0000 | 0.0000 | 0.0000,0.0,0.0,0.0,0.0,0.0
deepcoder_taco_00330,0,binary,4,0.0,0.0000 | 0.0000 | 0.0000 | 0.0000,0.0,0.0,0.0,0.0,0.0
deepcoder_taco_00330,1,binary,4,0.0,0.0000 | 0.0000 | 0.0000 | 0.0000,0.0,0.0,0.0,0.0,0.0
deepcoder_taco_00330,2,binary,4,0.0,0.0000 | 0.0000 | 0.0000 | 0.0000,0.0,0.0,0.0,0.0,0.0
deepcoder_taco_00330,3,binary,4,0.0,0.0000 | 0.0000 | 0.0000 | 0.0000,0.0,0.0,0.0,0.0,0.0
deepcoder_taco_00330,4,binary,4,0.0,0.0000 | 0.0000 | 0.0000 | 0.0000,0.0,0.0,0.0,0.0,0.0
deepcoder_taco_00330,5,binary,4,0.0,0.0000 | 0.0000 | 0.0000 | 0.0000,0.0,0.0,0.0,0.0,0.0
deepcoder_taco_00330,6,binary,4,0.0,0.0000 | 0.0000 | 0.0000 | 0.0000,0.0,0.0,0.0,0.0,0.0
deepcoder_taco_00330,7,binary,4,0.0,0.0000 | 0.0000 | 0.0000 | 0.0000,0.0,0.0,0.0,0.0,0.0
deepcoder_taco_00564,0,binary,4,1.0,1.0000 | 1.0000 | 1.0000 | 1.0000,0.0,0.0,1.0,1.0,0.0
deepcoder_taco_00564,1,binary,4,0.25,0.0000 | 1.0000 | 0.0000 | 0.0000,0.375,0.5,0.0,1.0,1.0
deepcoder_taco_00564,2,binary,4,0.25,1.0000 | 0.0000 | 0.0000 | 0.0000,0.375,0.5,0.0,1.0,1.0
deepcoder_taco_00564,3,binary,4,0.5,0.0000 | 1.0000 | 1.0000 | 0.0000,0.5,0.6666666666666667,0.0,1.0,1.0
deepcoder_taco_00564,4,binary,4,0.5,1.0000 | 0.0000 | 1.0000 | 0.0000,0.5,0.6666666666666667,0.0,1.0,1.0
deepcoder_taco_00564,5,binary,4,0.0,0.0000 | 0.0000 | 0.0000 | 0.0000,0.0,0.0,0.0,0.0,0.0
deepcoder_taco_00564,6,binary,4,0.25,0.0000 | 0.0000 | 1.0000 | 0.0000,0.375,0.5,0.0,1.0,1.0
deepcoder_taco_00564,7,binary,4,0.0,0.0000 | 0.0000 | 0.0000 | 0.0000,0.0,0.0,0.0,0.0,0.0
deepcoder_taco_00280,0,binary,4,0.0,0.0000 | 0.0000 | 0.0000 | 0.0000,0.0,0.0,0.0,0.0,0.0
deepcoder_taco_00280,1,binary,4,0.0,0.0000 | 0.0000 | 0.0000 | 0.0000,0.0,0.0,0.0,0.0,0.0
deepcoder_taco_00280,2,binary,4,0.0,0.0000 | 0.0000 | 0.0000 | 0.0000,0.0,0.0,0.0,0.0,0.0
deepcoder_taco_00280,3,binary,4,0.0,0.0000 | 0.0000 | 0.0000 | 0.0000,0.0,0.0,0.0,0.0,0.0
deepcoder_taco_00280,4,binary,4,0.0,0.0000 | 0.0000 | 0.0000 | 0.0000,0.0,0.0,0.0,0.0,0.0
deepcoder_taco_00280,5,binary,4,0.0,0.0000 | 0.0000 | 0.0000 | 0.0000,0.0,0.0,0.0,0.0,0.0
deepcoder_taco_00280,6,binary,4,0.0,0.0000 | 0.0000 | 0.0000 | 0.0000,0.0,0.0,0.0,0.0,0.0
deepcoder_taco_00280,7,binary,4,0.0,0.0000 | 0.0000 | 0.0000 | 0.0000,0.0,0.0,0.0,0.0,0.0
deepcoder_taco_00581,0,binary,4,0.0,0.0000 | 0.0000 | 0.0000 | 0.0000,0.0,0.0,0.0,0.0,0.0
deepcoder_taco_00581,1,binary,4,0.0,0.0000 | 0.0000 | 0.0000 | 0.0000,0.0,0.0,0.0,0.0,0.0
deepcoder_taco_00581,2,binary,4,0.0,0.0000 | 0.0000 | 0.0000 | 0.0000,0.0,0.0,0.0,0.0,0.0
deepcoder_taco_00581,3,binary,4,0.0,0.0000 | 0.0000 | 0.0000 | 0.0000,0.0,0.0,0.0,0.0,0.0
deepcoder_taco_00581,4,binary,4,0.0,0.0000 | 0.0000 | 0.0000 | 0.0000,0.0,0.0,0.0,0.0,0.0
deepcoder_taco_00581,5,binary,4,0.0,0.0000 | 0.0000 | 0.0000 | 0.0000,0.0,0.0,0.0,0.0,0.0
deepcoder_taco_00581,6,binary,4,0.0,0.0000 | 0.0000 | 0.0000 | 0.0000,0.0,0.0,0.0,0.0,0.0
deepcoder_taco_00581,7,binary,4,0.0,0.0000 | 0.0000 | 0.0000 | 0.0000,0.0,0.0,0.0,0.0,0.0
deepcoder_taco_01030,0,binary,4,0.0,0.0000 | 0.0000 | 0.0000 | 0.0000,0.0,0.0,0.0,0.0,0.0
deepcoder_taco_01030,1,binary,4,0.0,0.0000 | 0.0000 | 0.0000 | 0.0000,0.0,0.0,0.0,0.0,0.0
deepcoder_taco_01030,2,binary,4,0.0,0.0000 | 0.0000 | 0.0000 | 0.0000,0.0,0.0,0.0,0.0,0.0
deepcoder_taco_01030,3,binary,4,0.0,0.0000 | 0.0000 | 0.0000 | 0.0000,0.0,0.0,0.0,0.0,0.0
deepcoder_taco_01030,4,binary,4,0.0,0.0000 | 0.0000 | 0.0000 | 0.0000,0.0,0.0,0.0,0.0,0.0
deepcoder_taco_01030,5,binary,4,0.0,0.0000 | 0.0000 | 0.0000 | 0.0000,0.0,0.0,0.0,0.0,0.0
deepcoder_taco_01030,6,binary,4,0.0,0.0000 | 0.0000 | 0.0000 | 0.0000,0.0,0.0,0.0,0.0,0.0
deepcoder_taco_01030,7,binary,4,0.0,0.0000 | 0.0000 | 0.0000 | 0.0000,0.0,0.0,0.0,0.0,0.0
deepcoder_taco_00822,0,binary,4,0.0,0.0000 | 0.0000 | 0.0000 | 0.0000,0.0,0.0,0.0,0.0,0.0
deepcoder_taco_00822,1,binary,4,0.0,0.0000 | 0.0000 | 0.0000 | 0.0000,0.0,0.0,0.0,0.0,0.0
deepcoder_taco_00822,2,binary,4,0.0,0.0000 | 0.0000 | 0.0000 | 0.0000,0.0,0.0,0.0,0.0,0.0
deepcoder_taco_00822,3,binary,4,0.0,0.0000 | 0.0000 | 0.0000 | 0.0000,0.0,0.0,0.0,0.0,0.0
deepcoder_taco_00822,4,binary,4,0.0,0.0000 | 0.0000 | 0.0000 | 0.0000,0.0,0.0,0.0,0.0,0.0
deepcoder_taco_00822,5,binary,4,0.0,0.0000 | 0.0000 | 0.0000 | 0.0000,0.0,0.0,0.0,0.0,0.0
deepcoder_taco_00822,6,binary,4,0.0,0.0000 | 0.0000 | 0.0000 | 0.0000,0.0,0.0,0.0,0.0,0.0
deepcoder_taco_00822,7,binary,4,0.0,0.0000 | 0.0000 | 0.0000 | 0.0000,0.0,0.0,0.0,0.0,0.0
deepcoder_taco_01025,0,binary,4,0.0,0.0000 | 0.0000 | 0.0000 | 0.0000,0.0,0.0,0.0,0.0,0.0
deepcoder_taco_01025,1,binary,4,0.5,1.0000 | 0.0000 | 1.0000 | 0.0000,0.5,0.6666666666666667,0.0,1.0,1.0
deepcoder_taco_01025,2,binary,4,0.25,0.0000 | 0.0000 | 0.0000 | 1.0000,0.375,0.5,0.0,1.0,1.0
deepcoder_taco_01025,3,binary,4,0.25,0.0000 | 1.0000 | 0.0000 | 0.0000,0.375,0.5,0.0,1.0,1.0
deepcoder_taco_01025,4,binary,4,0.0,0.0000 | 0.0000 | 0.0000 | 0.0000,0.0,0.0,0.0,0.0,0.0
deepcoder_taco_01025,5,binary,4,0.0,0.0000 | 0.0000 | 0.0000 | 0.0000,0.0,0.0,0.0,0.0,0.0
deepcoder_taco_01025,6,binary,4,0.0,0.0000 | 0.0000 | 0.0000 | 0.0000,0.0,0.0,0.0,0.0,0.0
deepcoder_taco_01025,7,binary,4,0.0,0.0000 | 0.0000 | 0.0000 | 0.0000,0.0,0.0,0.0,0.0,0.0
deepcoder_taco_00088,0,binary,4,0.0,0.0000 | 0.0000 | 0.0000 | 0.0000,0.0,0.0,0.0,0.0,0.0
deepcoder_taco_00088,1,binary,4,0.0,0.0000 | 0.0000 | 0.0000 | 0.0000,0.0,0.0,0.0,0.0,0.0
deepcoder_taco_00088,2,binary,4,0.0,0.0000 | 0.0000 | 0.0000 | 0.0000,0.0,0.0,0.0,0.0,0.0
deepcoder_taco_00088,3,binary,4,0.0,0.0000 | 0.0000 | 0.0000 | 0.0000,0.0,0.0,0.0,0.0,0.0
deepcoder_taco_00088,4,binary,4,0.0,0.0000 | 0.0000 | 0.0000 | 0.0000,0.0,0.0,0.0,0.0,0.0
deepcoder_taco_00088,5,binary,4,0.0,0.0000 | 0.0000 | 0.0000 | 0.0000,0.0,0.0,0.0,0.0,0.0
deepcoder_taco_00088,6,binary,4,0.0,0.0000 | 0.0000 | 0.0000 | 0.0000,0.0,0.0,0.0,0.0,0.0
deepcoder_taco_00088,7,binary,4,0.0,0.0000 | 0.0000 | 0.0000 | 0.0000,0.0,0.0,0.0,0.0,0.0
deepcoder_taco_01049,0,binary,4,0.0,0.0000 | 0.0000 | 0.0000 | 0.0000,0.0,0.0,0.0,0.0,0.0
deepcoder_taco_01049,1,binary,4,0.0,0.0000 | 0.0000 | 0.0000 | 0.0000,0.0,0.0,0.0,0.0,0.0
deepcoder_taco_01049,2,binary,4,0.0,0.0000 | 0.0000 | 0.0000 | 0.0000,0.0,0.0,0.0,0.0,0.0
deepcoder_taco_01049,3,binary,4,0.0,0.0000 | 0.0000 | 0.0000 | 0.0000,0.0,0.0,0.0,0.0,0.0
deepcoder_taco_01049,4,binary,4,0.0,0.0000 | 0.0000 | 0.0000 | 0.0000,0.0,0.0,0.0,0.0,0.0
deepcoder_taco_01049,5,binary,4,0.0,0.0000 | 0.0000 | 0.0000 | 0.0000,0.0,0.0,0.0,0.0,0.0
deepcoder_taco_01049,6,binary,4,0.0,0.0000 | 0.0000 | 0.0000 | 0.0000,0.0,0.0,0.0,0.0,0.0
deepcoder_taco_01049,7,binary,4,0.0,0.0000 | 0.0000 | 0.0000 | 0.0000,0.0,0.0,0.0,0.0,0.0
deepcoder_taco_00909,0,binary,4,0.0,0.0000 | 0.0000 | 0.0000 | 0.0000,0.0,0.0,0.0,0.0,0.0
deepcoder_taco_00909,1,binary,4,0.0,0.0000 | 0.0000 | 0.0000 | 0.0000,0.0,0.0,0.0,0.0,0.0
deepcoder_taco_00909,2,binary,4,0.0,0.0000 | 0.0000 | 0.0000 | 0.0000,0.0,0.0,0.0,0.0,0.0
deepcoder_taco_00909,3,binary,4,0.0,0.0000 | 0.0000 | 0.0000 | 0.0000,0.0,0.0,0.0,0.0,0.0
deepcoder_taco_00909,4,binary,4,0.0,0.0000 | 0.0000 | 0.0000 | 0.0000,0.0,0.0,0.0,0.0,0.0
deepcoder_taco_00909,5,binary,4,0.0,0.0000 | 0.0000 | 0.0000 | 0.0000,0.0,0.0,0.0,0.0,0.0
deepcoder_taco_00909,6,binary,4,0.0,0.0000 | 0.0000 | 0.0000 | 0.0000,0.0,0.0,0.0,0.0,0.0
deepcoder_taco_00909,7,binary,4,0.0,0.0000 | 0.0000 | 0.0000 | 0.0000,0.0,0.0,0.0,0.0,0.0
deepcoder_taco_00583,0,binary,4,0.0,0.0000 | 0.0000 | 0.0000 | 0.0000,0.0,0.0,0.0,0.0,0.0
deepcoder_taco_00583,1,binary,4,0.0,0.0000 | 0.0000 | 0.0000 | 0.0000,0.0,0.0,0.0,0.0,0.0
deepcoder_taco_00583,2,binary,4,0.0,0.0000 | 0.0000 | 0.0000 | 0.0000,0.0,0.0,0.0,0.0,0.0
deepcoder_taco_00583,3,binary,4,0.25,0.0000 | 1.0000 | 0.0000 | 0.0000,0.375,0.5,0.0,1.0,1.0
deepcoder_taco_00583,4,binary,4,0.0,0.0000 | 0.0000 | 0.0000 | 0.0000,0.0,0.0,0.0,0.0,0.0
deepcoder_taco_00583,5,binary,4,0.0,0.0000 | 0.0000 | 0.0000 | 0.0000,0.0,0.0,0.0,0.0,0.0
deepcoder_taco_00583,6,binary,4,0.0,0.0000 | 0.0000 | 0.0000 | 0.0000,0.0,0.0,0.0,0.0,0.0
deepcoder_taco_00583,7,binary,4,0.25,0.0000 | 0.0000 | 0.0000 | 1.0000,0.375,0.5,0.0,1.0,1.0
deepcoder_taco_00203,0,binary,4,0.0,0.0000 | 0.0000 | 0.0000 | 0.0000,0.0,0.0,0.0,0.0,0.0
deepcoder_taco_00203,1,binary,4,0.0,0.0000 | 0.0000 | 0.0000 | 0.0000,0.0,0.0,0.0,0.0,0.0
deepcoder_taco_00203,2,binary,4,0.0,0.0000 | 0.0000 | 0.0000 | 0.0000,0.0,0.0,0.0,0.0,0.0
deepcoder_taco_00203,3,binary,4,0.0,0.0000 | 0.0000 | 0.0000 | 0.0000,0.0,0.0,0.0,0.0,0.0
deepcoder_taco_00203,4,binary,4,0.0,0.0000 | 0.0000 | 0.0000 | 0.0000,0.0,0.0,0.0,0.0,0.0
deepcoder_taco_00203,5,binary,4,0.0,0.0000 | 0.0000 | 0.0000 | 0.0000,0.0,0.0,0.0,0.0,0.0
deepcoder_taco_00203,6,binary,4,0.0,0.0000 | 0.0000 | 0.0000 | 0.0000,0.0,0.0,0.0,0.0,0.0
deepcoder_taco_00203,7,binary,4,0.0,0.0000 | 0.0000 | 0.0000 | 0.0000,0.0,0.0,0.0,0.0,0.0
deepcoder_taco_00967,0,binary,4,0.0,0.0000 | 0.0000 | 0.0000 | 0.0000,0.0,0.0,0.0,0.0,0.0
deepcoder_taco_00967,1,binary,4,0.0,0.0000 | 0.0000 | 0.0000 | 0.0000,0.0,0.0,0.0,0.0,0.0
deepcoder_taco_00967,2,binary,4,0.0,0.0000 | 0.0000 | 0.0000 | 0.0000,0.0,0.0,0.0,0.0,0.0
deepcoder_taco_00967,3,binary,4,0.0,0.0000 | 0.0000 | 0.0000 | 0.0000,0.0,0.0,0.0,0.0,0.0
deepcoder_taco_00967,4,binary,4,0.0,0.0000 | 0.0000 | 0.0000 | 0.0000,0.0,0.0,0.0,0.0,0.0
deepcoder_taco_00967,5,binary,4,0.0,0.0000 | 0.0000 | 0.0000 | 0.0000,0.0,0.0,0.0,0.0,0.0
deepcoder_taco_00967,6,binary,4,0.0,0.0000 | 0.0000 | 0.0000 | 0.0000,0.0,0.0,0.0,0.0,0.0
deepcoder_taco_00967,7,binary,4,0.0,0.0000 | 0.0000 | 0.0000 | 0.0000,0.0,0.0,0.0,0.0,0.0
deepcoder_taco_00229,0,binary,4,0.0,0.0000 | 0.0000 | 0.0000 | 0.0000,0.0,0.0,0.0,0.0,0.0
deepcoder_taco_00229,1,binary,4,0.0,0.0000 | 0.0000 | 0.0000 | 0.0000,0.0,0.0,0.0,0.0,0.0
deepcoder_taco_00229,2,binary,4,0.0,0.0000 | 0.0000 | 0.0000 | 0.0000,0.0,0.0,0.0,0.0,0.0
deepcoder_taco_00229,3,binary,4,0.0,0.0000 | 0.0000 | 0.0000 | 0.0000,0.0,0.0,0.0,0.0,0.0
deepcoder_taco_00229,4,binary,4,0.0,0.0000 | 0.0000 | 0.0000 | 0.0000,0.0,0.0,0.0,0.0,0.0
deepcoder_taco_00229,5,binary,4,0.0,0.0000 | 0.0000 | 0.0000 | 0.0000,0.0,0.0,0.0,0.0,0.0
deepcoder_taco_00229,6,binary,4,0.0,0.0000 | 0.0000 | 0.0000 | 0.0000,0.0,0.0,0.0,0.0,0.0
deepcoder_taco_00229,7,binary,4,0.0,0.0000 | 0.0000 | 0.0000 | 0.0000,0.0,0.0,0.0,0.0,0.0
deepcoder_taco_00881,0,binary,4,0.0,0.0000 | 0.0000 | 0.0000 | 0.0000,0.0,0.0,0.0,0.0,0.0
deepcoder_taco_00881,1,binary,4,0.0,0.0000 | 0.0000 | 0.0000 | 0.0000,0.0,0.0,0.0,0.0,0.0
deepcoder_taco_00881,2,binary,4,0.0,0.0000 | 0.0000 | 0.0000 | 0.0000,0.0,0.0,0.0,0.0,0.0
deepcoder_taco_00881,3,binary,4,0.0,0.0000 | 0.0000 | 0.0000 | 0.0000,0.0,0.0,0.0,0.0,0.0
deepcoder_taco_00881,4,binary,4,0.0,0.0000 | 0.0000 | 0.0000 | 0.0000,0.0,0.0,0.0,0.0,0.0
deepcoder_taco_00881,5,binary,4,0.25,0.0000 | 0.0000 | 1.0000 | 0.0000,0.375,0.5,0.0,1.0,1.0
deepcoder_taco_00881,6,binary,4,0.0,0.0000 | 0.0000 | 0.0000 | 0.0000,0.0,0.0,0.0,0.0,0.0
deepcoder_taco_00881,7,binary,4,0.0,0.0000 | 0.0000 | 0.0000 | 0.0000,0.0,0.0,0.0,0.0,0.0
deepcoder_taco_01047,0,binary,4,0.0,0.0000 | 0.0000 | 0.0000 | 0.0000,0.0,0.0,0.0,0.0,0.0
deepcoder_taco_01047,1,binary,4,0.0,0.0000 | 0.0000 | 0.0000 | 0.0000,0.0,0.0,0.0,0.0,0.0
deepcoder_taco_01047,2,binary,4,0.0,0.0000 | 0.0000 | 0.0000 | 0.0000,0.0,0.0,0.0,0.0,0.0
deepcoder_taco_01047,3,binary,4,0.0,0.0000 | 0.0000 | 0.0000 | 0.0000,0.0,0.0,0.0,0.0,0.0
deepcoder_taco_01047,4,binary,4,0.0,0.0000 | 0.0000 | 0.0000 | 0.0000,0.0,0.0,0.0,0.0,0.0
deepcoder_taco_01047,5,binary,4,0.0,0.0000 | 0.0000 | 0.0000 | 0.0000,0.0,0.0,0.0,0.0,0.0
deepcoder_taco_01047,6,binary,4,0.0,0.0000 | 0.0000 | 0.0000 | 0.0000,0.0,0.0,0.0,0.0,0.0
deepcoder_taco_01047,7,binary,4,0.0,0.0000 | 0.0000 | 0.0000 | 0.0000,0.0,0.0,0.0,0.0,0.0
deepcoder_taco_00334,0,binary,4,0.0,0.0000 | 0.0000 | 0.0000 | 0.0000,0.0,0.0,0.0,0.0,0.0
deepcoder_taco_00334,1,binary,4,0.0,0.0000 | 0.0000 | 0.0000 | 0.0000,0.0,0.0,0.0,0.0,0.0
deepcoder_taco_00334,2,binary,4,0.0,0.0000 | 0.0000 | 0.0000 | 0.0000,0.0,0.0,0.0,0.0,0.0
deepcoder_taco_00334,3,binary,4,0.0,0.0000 | 0.0000 | 0.0000 | 0.0000,0.0,0.0,0.0,0.0,0.0
deepcoder_taco_00334,4,binary,4,0.0,0.0000 | 0.0000 | 0.0000 | 0.0000,0.0,0.0,0.0,0.0,0.0
deepcoder_taco_00334,5,binary,4,0.0,0.0000 | 0.0000 | 0.0000 | 0.0000,0.0,0.0,0.0,0.0,0.0
deepcoder_taco_00334,6,binary,4,0.0,0.0000 | 0.0000 | 0.0000 | 0.0000,0.0,0.0,0.0,0.0,0.0
deepcoder_taco_00334,7,binary,4,0.0,0.0000 | 0.0000 | 0.0000 | 0.0000,0.0,0.0,0.0,0.0,0.0
deepcoder_taco_00617,0,binary,4,0.0,0.0000 | 0.0000 | 0.0000 | 0.0000,0.0,0.0,0.0,0.0,0.0
deepcoder_taco_00617,1,binary,4,0.0,0.0000 | 0.0000 | 0.0000 | 0.0000,0.0,0.0,0.0,0.0,0.0
deepcoder_taco_00617,2,binary,4,0.0,0.0000 | 0.0000 | 0.0000 | 0.0000,0.0,0.0,0.0,0.0,0.0
deepcoder_taco_00617,3,binary,4,0.0,0.0000 | 0.0000 | 0.0000 | 0.0000,0.0,0.0,0.0,0.0,0.0
deepcoder_taco_00617,4,binary,4,0.0,0.0000 | 0.0000 | 0.0000 | 0.0000,0.0,0.0,0.0,0.0,0.0
deepcoder_taco_00617,5,binary,4,0.0,0.0000 | 0.0000 | 0.0000 | 0.0000,0.0,0.0,0.0,0.0,0.0
deepcoder_taco_00617,6,binary,4,0.0,0.0000 | 0.0000 | 0.0000 | 0.0000,0.0,0.0,0.0,0.0,0.0
deepcoder_taco_00617,7,binary,4,0.0,0.0000 | 0.0000 | 0.0000 | 0.0000,0.0,0.0,0.0,0.0,0.0
deepcoder_taco_00030,0,binary,4,0.0,0.0000 | 0.0000 | 0.0000 | 0.0000,0.0,0.0,0.0,0.0,0.0
deepcoder_taco_00030,1,binary,4,0.25,0.0000 | 0.0000 | 0.0000 | 1.0000,0.375,0.5,0.0,1.0,1.0
deepcoder_taco_00030,2,binary,4,0.0,0.0000 | 0.0000 | 0.0000 | 0.0000,0.0,0.0,0.0,0.0,0.0
deepcoder_taco_00030,3,binary,4,0.25,0.0000 | 0.0000 | 0.0000 | 1.0000,0.375,0.5,0.0,1.0,1.0
deepcoder_taco_00030,4,binary,4,0.25,0.0000 | 0.0000 | 0.0000 | 1.0000,0.375,0.5,0.0,1.0,1.0
deepcoder_taco_00030,5,binary,4,0.0,0.0000 | 0.0000 | 0.0000 | 0.0000,0.0,0.0,0.0,0.0,0.0
deepcoder_taco_00030,6,binary,4,0.25,0.0000 | 0.0000 | 1.0000 | 0.0000,0.375,0.5,0.0,1.0,1.0
deepcoder_taco_00030,7,binary,4,0.0,0.0000 | 0.0000 | 0.0000 | 0.0000,0.0,0.0,0.0,0.0,0.0
deepcoder_taco_00801,0,binary,4,0.0,0.0000 | 0.0000 | 0.0000 | 0.0000,0.0,0.0,0.0,0.0,0.0
deepcoder_taco_00801,1,binary,4,0.0,0.0000 | 0.0000 | 0.0000 | 0.0000,0.0,0.0,0.0,0.0,0.0
deepcoder_taco_00801,2,binary,4,0.0,0.0000 | 0.0000 | 0.0000 | 0.0000,0.0,0.0,0.0,0.0,0.0
deepcoder_taco_00801,3,binary,4,0.0,0.0000 | 0.0000 | 0.0000 | 0.0000,0.0,0.0,0.0,0.0,0.0
deepcoder_taco_00801,4,binary,4,0.0,0.0000 | 0.0000 | 0.0000 | 0.0000,0.0,0.0,0.0,0.0,0.0
deepcoder_taco_00801,5,binary,4,0.0,0.0000 | 0.0000 | 0.0000 | 0.0000,0.0,0.0,0.0,0.0,0.0
deepcoder_taco_00801,6,binary,4,0.0,0.0000 | 0.0000 | 0.0000 | 0.0000,0.0,0.0,0.0,0.0,0.0
deepcoder_taco_00801,7,binary,4,0.0,0.0000 | 0.0000 | 0.0000 | 0.0000,0.0,0.0,0.0,0.0,0.0
deepcoder_taco_00239,0,binary,4,0.0,0.0000 | 0.0000 | 0.0000 | 0.0000,0.0,0.0,0.0,0.0,0.0
deepcoder_taco_00239,1,binary,4,0.0,0.0000 | 0.0000 | 0.0000 | 0.0000,0.0,0.0,0.0,0.0,0.0
deepcoder_taco_00239,2,binary,4,0.0,0.0000 | 0.0000 | 0.0000 | 0.0000,0.0,0.0,0.0,0.0,0.0
deepcoder_taco_00239,3,binary,4,0.0,0.0000 | 0.0000 | 0.0000 | 0.0000,0.0,0.0,0.0,0.0,0.0
deepcoder_taco_00239,4,binary,4,0.0,0.0000 | 0.0000 | 0.0000 | 0.0000,0.0,0.0,0.0,0.0,0.0
deepcoder_taco_00239,5,binary,4,0.0,0.0000 | 0.0000 | 0.0000 | 0.0000,0.0,0.0,0.0,0.0,0.0
deepcoder_taco_00239,6,binary,4,0.0,0.0000 | 0.0000 | 0.0000 | 0.0000,0.0,0.0,0.0,0.0,0.0
deepcoder_taco_00239,7,binary,4,0.0,0.0000 | 0.0000 | 0.0000 | 0.0000,0.0,0.0,0.0,0.0,0.0
deepcoder_taco_00483,0,binary,4,1.0,1.0000 | 1.0000 | 1.0000 | 1.0000,0.0,0.0,1.0,1.0,0.0
deepcoder_taco_00483,1,binary,4,1.0,1.0000 | 1.0000 | 1.0000 | 1.0000,0.0,0.0,1.0,1.0,0.0
deepcoder_taco_00483,2,binary,4,1.0,1.0000 | 1.0000 | 1.0000 | 1.0000,0.0,0.0,1.0,1.0,0.0
deepcoder_taco_00483,3,binary,4,0.0,0.0000 | 0.0000 | 0.0000 | 0.0000,0.0,0.0,0.0,0.0,0.0
deepcoder_taco_00483,4,binary,4,1.0,1.0000 | 1.0000 | 1.0000 | 1.0000,0.0,0.0,1.0,1.0,0.0
deepcoder_taco_00483,5,binary,4,1.0,1.0000 | 1.0000 | 1.0000 | 1.0000,0.0,0.0,1.0,1.0,0.0
deepcoder_taco_00483,6,binary,4,1.0,1.0000 | 1.0000 | 1.0000 | 1.0000,0.0,0.0,1.0,1.0,0.0
deepcoder_taco_00483,7,binary,4,1.0,1.0000 | 1.0000 | 1.0000 | 1.0000,0.0,0.0,1.0,1.0,0.0
deepcoder_taco_00605,0,binary,4,0.25,0.0000 | 0.0000 | 0.0000 | 1.0000,0.375,0.5,0.0,1.0,1.0
deepcoder_taco_00605,1,binary,4,0.0,0.0000 | 0.0000 | 0.0000 | 0.0000,0.0,0.0,0.0,0.0,0.0
deepcoder_taco_00605,2,binary,4,0.5,1.0000 | 1.0000 | 0.0000 | 0.0000,0.5,0.6666666666666667,0.0,1.0,1.0
deepcoder_taco_00605,3,binary,4,0.0,0.0000 | 0.0000 | 0.0000 | 0.0000,0.0,0.0,0.0,0.0,0.0
deepcoder_taco_00605,4,binary,4,0.0,0.0000 | 0.0000 | 0.0000 | 0.0000,0.0,0.0,0.0,0.0,0.0
deepcoder_taco_00605,5,binary,4,0.0,0.0000 | 0.0000 | 0.0000 | 0.0000,0.0,0.0,0.0,0.0,0.0
deepcoder_taco_00605,6,binary,4,0.0,0.0000 | 0.0000 | 0.0000 | 0.0000,0.0,0.0,0.0,0.0,0.0
deepcoder_taco_00605,7,binary,4,0.75,1.0000 | 1.0000 | 0.0000 | 1.0000,0.375,0.5,0.0,1.0,1.0
deepcoder_taco_00040,0,binary,4,0.0,0.0000 | 0.0000 | 0.0000 | 0.0000,0.0,0.0,0.0,0.0,0.0
deepcoder_taco_00040,1,binary,4,0.0,0.0000 | 0.0000 | 0.0000 | 0.0000,0.0,0.0,0.0,0.0,0.0
deepcoder_taco_00040,2,binary,4,0.0,0.0000 | 0.0000 | 0.0000 | 0.0000,0.0,0.0,0.0,0.0,0.0
deepcoder_taco_00040,3,binary,4,0.0,0.0000 | 0.0000 | 0.0000 | 0.0000,0.0,0.0,0.0,0.0,0.0
deepcoder_taco_00040,4,binary,4,0.0,0.0000 | 0.0000 | 0.0000 | 0.0000,0.0,0.0,0.0,0.0,0.0
deepcoder_taco_00040,5,binary,4,0.0,0.0000 | 0.0000 | 0.0000 | 0.0000,0.0,0.0,0.0,0.0,0.0
deepcoder_taco_00040,6,binary,4,0.0,0.0000 | 0.0000 | 0.0000 | 0.0000,0.0,0.0,0.0,0.0,0.0
deepcoder_taco_00040,7,binary,4,0.0,0.0000 | 0.0000 | 0.0000 | 0.0000,0.0,0.0,0.0,0.0,0.0
deepcoder_taco_01069,0,binary,4,0.0,0.0000 | 0.0000 | 0.0000 | 0.0000,0.0,0.0,0.0,0.0,0.0
deepcoder_taco_01069,1,binary,4,0.0,0.0000 | 0.0000 | 0.0000 | 0.0000,0.0,0.0,0.0,0.0,0.0
deepcoder_taco_01069,2,binary,4,0.0,0.0000 | 0.0000 | 0.0000 | 0.0000,0.0,0.0,0.0,0.0,0.0
deepcoder_taco_01069,3,binary,4,0.0,0.0000 | 0.0000 | 0.0000 | 0.0000,0.0,0.0,0.0,0.0,0.0
deepcoder_taco_01069,4,binary,4,0.0,0.0000 | 0.0000 | 0.0000 | 0.0000,0.0,0.0,0.0,0.0,0.0
deepcoder_taco_01069,5,binary,4,0.0,0.0000 | 0.0000 | 0.0000 | 0.0000,0.0,0.0,0.0,0.0,0.0
deepcoder_taco_01069,6,binary,4,0.0,0.0000 | 0.0000 | 0.0000 | 0.0000,0.0,0.0,0.0,0.0,0.0
deepcoder_taco_01069,7,binary,4,0.0,0.0000 | 0.0000 | 0.0000 | 0.0000,0.0,0.0,0.0,0.0,0.0
deepcoder_taco_00451,0,binary,4,0.0,0.0000 | 0.0000 | 0.0000 | 0.0000,0.0,0.0,0.0,0.0,0.0
deepcoder_taco_00451,1,binary,4,0.25,0.0000 | 0.0000 | 1.0000 | 0.0000,0.375,0.5,0.0,1.0,1.0
deepcoder_taco_00451,2,binary,4,0.0,0.0000 | 0.0000 | 0.0000 | 0.0000,0.0,0.0,0.0,0.0,0.0
deepcoder_taco_00451,3,binary,4,0.0,0.0000 | 0.0000 | 0.0000 | 0.0000,0.0,0.0,0.0,0.0,0.0
deepcoder_taco_00451,4,binary,4,0.0,0.0000 | 0.0000 | 0.0000 | 0.0000,0.0,0.0,0.0,0.0,0.0
deepcoder_taco_00451,5,binary,4,0.25,0.0000 | 0.0000 | 1.0000 | 0.0000,0.375,0.5,0.0,1.0,1.0
deepcoder_taco_00451,6,binary,4,0.75,1.0000 | 0.0000 | 1.0000 | 1.0000,0.375,0.5,0.0,1.0,1.0
deepcoder_taco_00451,7,binary,4,0.0,0.0000 | 0.0000 | 0.0000 | 0.0000,0.0,0.0,0.0,0.0,0.0
deepcoder_taco_00691,0,binary,4,0.0,0.0000 | 0.0000 | 0.0000 | 0.0000,0.0,0.0,0.0,0.0,0.0
deepcoder_taco_00691,1,binary,4,0.0,0.0000 | 0.0000 | 0.0000 | 0.0000,0.0,0.0,0.0,0.0,0.0
deepcoder_taco_00691,2,binary,4,0.5,1.0000 | 0.0000 | 1.0000 | 0.0000,0.5,0.6666666666666667,0.0,1.0,1.0
deepcoder_taco_00691,3,binary,4,0.0,0.0000 | 0.0000 | 0.0000 | 0.0000,0.0,0.0,0.0,0.0,0.0
deepcoder_taco_00691,4,binary,4,0.0,0.0000 | 0.0000 | 0.0000 | 0.0000,0.0,0.0,0.0,0.0,0.0
deepcoder_taco_00691,5,binary,4,0.0,0.0000 | 0.0000 | 0.0000 | 0.0000,0.0,0.0,0.0,0.0,0.0
deepcoder_taco_00691,6,binary,4,0.0,0.0000 | 0.0000 | 0.0000 | 0.0000,0.0,0.0,0.0,0.0,0.0
deepcoder_taco_00691,7,binary,4,0.0,0.0000 | 0.0000 | 0.0000 | 0.0000,0.0,0.0,0.0,0.0,0.0
deepcoder_taco_00339,0,binary,4,1.0,1.0000 | 1.0000 | 1.0000 | 1.0000,0.0,0.0,1.0,1.0,0.0
deepcoder_taco_00339,1,binary,4,1.0,1.0000 | 1.0000 | 1.0000 | 1.0000,0.0,0.0,1.0,1.0,0.0
deepcoder_taco_00339,2,binary,4,1.0,1.0000 | 1.0000 | 1.0000 | 1.0000,0.0,0.0,1.0,1.0,0.0
deepcoder_taco_00339,3,binary,4,1.0,1.0000 | 1.0000 | 1.0000 | 1.0000,0.0,0.0,1.0,1.0,0.0
deepcoder_taco_00339,4,binary,4,1.0,1.0000 | 1.0000 | 1.0000 | 1.0000,0.0,0.0,1.0,1.0,0.0
deepcoder_taco_00339,5,binary,4,1.0,1.0000 | 1.0000 | 1.0000 | 1.0000,0.0,0.0,1.0,1.0,0.0
deepcoder_taco_00339,6,binary,4,1.0,1.0000 | 1.0000 | 1.0000 | 1.0000,0.0,0.0,1.0,1.0,0.0
deepcoder_taco_00339,7,binary,4,1.0,1.0000 | 1.0000 | 1.0000 | 1.0000,0.0,0.0,1.0,1.0,0.0
deepcoder_taco_00973,0,binary,4,0.0,0.0000 | 0.0000 | 0.0000 | 0.0000,0.0,0.0,0.0,0.0,0.0
deepcoder_taco_00973,1,binary,4,0.0,0.0000 | 0.0000 | 0.0000 | 0.0000,0.0,0.0,0.0,0.0,0.0
deepcoder_taco_00973,2,binary,4,0.0,0.0000 | 0.0000 | 0.0000 | 0.0000,0.0,0.0,0.0,0.0,0.0
deepcoder_taco_00973,3,binary,4,0.0,0.0000 | 0.0000 | 0.0000 | 0.0000,0.0,0.0,0.0,0.0,0.0
deepcoder_taco_00973,4,binary,4,0.0,0.0000 | 0.0000 | 0.0000 | 0.0000,0.0,0.0,0.0,0.0,0.0
deepcoder_taco_00973,5,binary,4,0.0,0.0000 | 0.0000 | 0.0000 | 0.0000,0.0,0.0,0.0,0.0,0.0
deepcoder_taco_00973,6,binary,4,0.0,0.0000 | 0.0000 | 0.0000 | 0.0000,0.0,0.0,0.0,0.0,0.0
deepcoder_taco_00973,7,binary,4,0.0,0.0000 | 0.0000 | 0.0000 | 0.0000,0.0,0.0,0.0,0.0,0.0
