problem_id,coverage_group,num_plans,mean_q4_binary,best_q4_binary,best_mean_gap_binary,mean_q4_tpr,best_q4_tpr,best_mean_gap_tpr,q4_binary_profile,q4_tpr_profile
deepcoder_taco_00001,NO_COVERAGE,8,0.0,0.0,0.0,0.003125,0.025,0.021875000000000002,0.0000 | 0.0000 | 0.0000 | 0.0000 | 0.0000 | 0.0000 | 0.0000 | 0.0000,0.0000 | 0.0000 | 0.0000 | 0.0000 | 0.0000 | 0.0250 | 0.0000 | 0.0000
deepcoder_taco_00020,NO_COVERAGE,8,0.0,0.0,0.0,0.00625,0.05,0.043750000000000004,0.0000 | 0.0000 | 0.0000 | 0.0000 | 0.0000 | 0.0000 | 0.0000 | 0.0000,0.0000 | 0.0000 | 0.0500 | 0.0000 | 0.0000 | 0.0000 | 0.0000 | 0.0000
deepcoder_taco_00022,NO_COVERAGE,8,0.0,0.0,0.0,0.0,0.0,0.0,0.0000 | 0.0000 | 0.0000 | 0.0000 | 0.0000 | 0.0000 | 0.0000 | 0.0000,0.0000 | 0.0000 | 0.0000 | 0.0000 | 0.0000 | 0.0000 | 0.0000 | 0.0000
deepcoder_taco_00030,UNSTABLE_COVERAGE,8,0.125,0.25,0.125,0.209375,0.55,0.34062500000000007,0.0000 | 0.2500 | 0.0000 | 0.2500 | 0.2500 | 0.0000 | 0.2500 | 0.0000,0.0000 | 0.2500 | 0.0000 | 0.2750 | 0.5500 | 0.1000 | 0.3000 | 0.2000
deepcoder_taco_00039,NO_COVERAGE,8,0.0,0.0,0.0,0.0,0.0,0.0,0.0000 | 0.0000 | 0.0000 | 0.0000 | 0.0000 | 0.0000 | 0.0000 | 0.0000,0.0000 | 0.0000 | 0.0000 | 0.0000 | 0.0000 | 0.0000 | 0.0000 | 0.0000
deepcoder_taco_00040,NO_COVERAGE,8,0.0,0.0,0.0,0.0,0.0,0.0,0.0000 | 0.0000 | 0.0000 | 0.0000 | 0.0000 | 0.0000 | 0.0000 | 0.0000,0.0000 | 0.0000 | 0.0000 | 0.0000 | 0.0000 | 0.0000 | 0.0000 | 0.0000
deepcoder_taco_00044,NO_COVERAGE,8,0.0,0.0,0.0,0.0,0.0,0.0,0.0000 | 0.0000 | 0.0000 | 0.0000 | 0.0000 | 0.0000 | 0.0000 | 0.0000,0.0000 | 0.0000 | 0.0000 | 0.0000 | 0.0000 | 0.0000 | 0.0000 | 0.0000
deepcoder_taco_00057,UNSTABLE_COVERAGE,8,0.3125,0.5,0.1875,0.34375,0.5,0.15625,0.2500 | 0.2500 | 0.2500 | 0.0000 | 0.2500 | 0.5000 | 0.5000 | 0.5000,0.2500 | 0.4000 | 0.2500 | 0.0000 | 0.3500 | 0.5000 | 0.5000 | 0.5000
deepcoder_taco_00061,UNSTABLE_COVERAGE,8,0.0625,0.25,0.1875,0.60625,0.775,0.16875000000000007,0.0000 | 0.2500 | 0.0000 | 0.0000 | 0.0000 | 0.0000 | 0.0000 | 0.2500,0.6250 | 0.7250 | 0.7000 | 0.5750 | 0.1750 | 0.6000 | 0.7750 | 0.6750
deepcoder_taco_00064,UNSTABLE_COVERAGE,8,0.03125,0.25,0.21875,0.34375,0.5499999999999999,0.20624999999999993,0.0000 | 0.0000 | 0.0000 | 0.0000 | 0.0000 | 0.0000 | 0.2500 | 0.0000,0.5000 | 0.0750 | 0.5500 | 0.3000 | 0.1250 | 0.3500 | 0.4750 | 0.3750
deepcoder_taco_00088,NO_COVERAGE,8,0.0,0.0,0.0,0.0,0.0,0.0,0.0000 | 0.0000 | 0.0000 | 0.0000 | 0.0000 | 0.0000 | 0.0000 | 0.0000,0.0000 | 0.0000 | 0.0000 | 0.0000 | 0.0000 | 0.0000 | 0.0000 | 0.0000
deepcoder_taco_00098,STABLE_COVERAGE,8,0.34375,1.0,0.65625,0.46875,1.0,0.53125,0.5000 | 0.0000 | 0.0000 | 0.0000 | 0.2500 | 0.7500 | 1.0000 | 0.2500,0.6000 | 0.1500 | 0.2000 | 0.1500 | 0.3750 | 0.8500 | 1.0000 | 0.4250
deepcoder_taco_00132,NO_COVERAGE,8,0.0,0.0,0.0,0.009375000000000001,0.025,0.015625,0.0000 | 0.0000 | 0.0000 | 0.0000 | 0.0000 | 0.0000 | 0.0000 | 0.0000,0.0000 | 0.0000 | 0.0000 | 0.0250 | 0.0250 | 0.0000 | 0.0000 | 0.0250
deepcoder_taco_00171,NO_COVERAGE,8,0.0,0.0,0.0,0.028124999999999997,0.175,0.14687499999999998,0.0000 | 0.0000 | 0.0000 | 0.0000 | 0.0000 | 0.0000 | 0.0000 | 0.0000,0.0000 | 0.0000 | 0.0000 | 0.1750 | 0.0250 | 0.0000 | 0.0000 | 0.0250
deepcoder_taco_00200,UNSTABLE_COVERAGE,8,0.125,0.5,0.375,0.128125,0.525,0.39687500000000003,0.0000 | 0.2500 | 0.0000 | 0.0000 | 0.0000 | 0.2500 | 0.0000 | 0.5000,0.0000 | 0.2500 | 0.0000 | 0.0000 | 0.0000 | 0.2500 | 0.0000 | 0.5250
deepcoder_taco_00203,NO_COVERAGE,8,0.0,0.0,0.0,0.0,0.0,0.0,0.0000 | 0.0000 | 0.0000 | 0.0000 | 0.0000 | 0.0000 | 0.0000 | 0.0000,0.0000 | 0.0000 | 0.0000 | 0.0000 | 0.0000 | 0.0000 | 0.0000 | 0.0000
deepcoder_taco_00211,NO_COVERAGE,8,0.0,0.0,0.0,0.3375,0.675,0.3375,0.0000 | 0.0000 | 0.0000 | 0.0000 | 0.0000 | 0.0000 | 0.0000 | 0.0000,0.4750 | 0.2000 | 0.6750 | 0.2750 | 0.5250 | 0.1500 | 0.2000 | 0.2000
deepcoder_taco_00212,NO_COVERAGE,8,0.0,0.0,0.0,0.0,0.0,0.0,0.0000 | 0.0000 | 0.0000 | 0.0000 | 0.0000 | 0.0000 | 0.0000 | 0.0000,0.0000 | 0.0000 | 0.0000 | 0.0000 | 0.0000 | 0.0000 | 0.0000 | 0.0000
deepcoder_taco_00216,NO_COVERAGE,8,0.0,0.0,0.0,0.0,0.0,0.0,0.0000 | 0.0000 | 0.0000 | 0.0000 | 0.0000 | 0.0000 | 0.0000 | 0.0000,0.0000 | 0.0000 | 0.0000 | 0.0000 | 0.0000 | 0.0000 | 0.0000 | 0.0000
deepcoder_taco_00229,NO_COVERAGE,8,0.0,0.0,0.0,0.11250000000000002,0.2,0.0875,0.0000 | 0.0000 | 0.0000 | 0.0000 | 0.0000 | 0.0000 | 0.0000 | 0.0000,0.2000 | 0.1000 | 0.1500 | 0.1500 | 0.0000 | 0.0000 | 0.2000 | 0.1000
deepcoder_taco_00231,NO_COVERAGE,8,0.0,0.0,0.0,0.05,0.2,0.15000000000000002,0.0000 | 0.0000 | 0.0000 | 0.0000 | 0.0000 | 0.0000 | 0.0000 | 0.0000,0.0000 | 0.1000 | 0.1000 | 0.0000 | 0.0000 | 0.2000 | 0.0000 | 0.0000
deepcoder_taco_00239,NO_COVERAGE,8,0.0,0.0,0.0,0.0125,0.1,0.08750000000000001,0.0000 | 0.0000 | 0.0000 | 0.0000 | 0.0000 | 0.0000 | 0.0000 | 0.0000,0.0000 | 0.0000 | 0.0000 | 0.0000 | 0.0000 | 0.0000 | 0.1000 | 0.0000
deepcoder_taco_00251,NO_COVERAGE,8,0.0,0.0,0.0,0.046875,0.2,0.153125,0.0000 | 0.0000 | 0.0000 | 0.0000 | 0.0000 | 0.0000 | 0.0000 | 0.0000,0.0500 | 0.0000 | 0.0000 | 0.0000 | 0.0500 | 0.2000 | 0.0750 | 0.0000
deepcoder_taco_00280,NO_COVERAGE,8,0.0,0.0,0.0,0.0,0.0,0.0,0.0000 | 0.0000 | 0.0000 | 0.0000 | 0.0000 | 0.0000 | 0.0000 | 0.0000,0.0000 | 0.0000 | 0.0000 | 0.0000 | 0.0000 | 0.0000 | 0.0000 | 0.0000
deepcoder_taco_00301,UNSTABLE_COVERAGE,8,0.03125,0.25,0.21875,0.115625,0.45,0.334375,0.0000 | 0.0000 | 0.0000 | 0.0000 | 0.0000 | 0.2500 | 0.0000 | 0.0000,0.2250 | 0.4500 | 0.0000 | 0.0000 | 0.0000 | 0.2500 | 0.0000 | 0.0000
deepcoder_taco_00330,NO_COVERAGE,8,0.0,0.0,0.0,0.153125,0.30000000000000004,0.14687500000000003,0.0000 | 0.0000 | 0.0000 | 0.0000 | 0.0000 | 0.0000 | 0.0000 | 0.0000,0.1250 | 0.0750 | 0.0250 | 0.2750 | 0.2000 | 0.2000 | 0.3000 | 0.0250
deepcoder_taco_00334,NO_COVERAGE,8,0.0,0.0,0.0,0.0125,0.075,0.0625,0.0000 | 0.0000 | 0.0000 | 0.0000 | 0.0000 | 0.0000 | 0.0000 | 0.0000,0.0000 | 0.0000 | 0.0000 | 0.0000 | 0.0000 | 0.0250 | 0.0000 | 0.0750
deepcoder_taco_00339,STABLE_COVERAGE,8,1.0,1.0,0.0,1.0,1.0,0.0,1.0000 | 1.0000 | 1.0000 | 1.0000 | 1.0000 | 1.0000 | 1.0000 | 1.0000,1.0000 | 1.0000 | 1.0000 | 1.0000 | 1.0000 | 1.0000 | 1.0000 | 1.0000
deepcoder_taco_00340,STABLE_COVERAGE,8,0.15625,0.75,0.59375,0.15625,0.75,0.59375,0.0000 | 0.0000 | 0.0000 | 0.0000 | 0.0000 | 0.2500 | 0.2500 | 0.7500,0.0000 | 0.0000 | 0.0000 | 0.0000 | 0.0000 | 0.2500 | 0.2500 | 0.7500
deepcoder_taco_00377,UNSTABLE_COVERAGE,8,0.03125,0.25,0.21875,0.171875,0.375,0.203125,0.0000 | 0.0000 | 0.0000 | 0.0000 | 0.0000 | 0.0000 | 0.0000 | 0.2500,0.1000 | 0.2250 | 0.0000 | 0.1000 | 0.2250 | 0.3750 | 0.1000 | 0.2500
deepcoder_taco_00379,UNSTABLE_COVERAGE,8,0.09375,0.5,0.40625,0.34375,0.9,0.55625,0.0000 | 0.5000 | 0.0000 | 0.0000 | 0.0000 | 0.2500 | 0.0000 | 0.0000,0.0000 | 0.9000 | 0.0000 | 0.0000 | 0.4000 | 0.6500 | 0.2000 | 0.6000
deepcoder_taco_00395,STABLE_COVERAGE,8,0.46875,1.0,0.53125,0.46875,1.0,0.53125,0.2500 | 0.5000 | 1.0000 | 0.2500 | 0.5000 | 0.5000 | 0.2500 | 0.5000,0.2500 | 0.5000 | 1.0000 | 0.2500 | 0.5000 | 0.5000 | 0.2500 | 0.5000
deepcoder_taco_00402,NO_COVERAGE,8,0.0,0.0,0.0,0.040625,0.1,0.059375000000000004,0.0000 | 0.0000 | 0.0000 | 0.0000 | 0.0000 | 0.0000 | 0.0000 | 0.0000,0.0250 | 0.0250 | 0.1000 | 0.0500 | 0.0250 | 0.0000 | 0.0000 | 0.1000
deepcoder_taco_00412,NO_COVERAGE,8,0.0,0.0,0.0,0.0,0.0,0.0,0.0000 | 0.0000 | 0.0000 | 0.0000 | 0.0000 | 0.0000 | 0.0000 | 0.0000,0.0000 | 0.0000 | 0.0000 | 0.0000 | 0.0000 | 0.0000 | 0.0000 | 0.0000
deepcoder_taco_00413,NO_COVERAGE,8,0.0,0.0,0.0,0.00625,0.05,0.043750000000000004,0.0000 | 0.0000 | 0.0000 | 0.0000 | 0.0000 | 0.0000 | 0.0000 | 0.0000,0.0000 | 0.0000 | 0.0000 | 0.0500 | 0.0000 | 0.0000 | 0.0000 | 0.0000
deepcoder_taco_00417,STABLE_COVERAGE,8,0.40625,0.75,0.34375,0.40625,0.75,0.34375,0.5000 | 0.7500 | 0.0000 | 0.5000 | 0.0000 | 0.2500 | 0.5000 | 0.7500,0.5000 | 0.7500 | 0.0000 | 0.5000 | 0.0000 | 0.2500 | 0.5000 | 0.7500
deepcoder_taco_00437,STABLE_COVERAGE,8,0.1875,0.75,0.5625,0.1875,0.75,0.5625,0.0000 | 0.2500 | 0.7500 | 0.0000 | 0.5000 | 0.0000 | 0.0000 | 0.0000,0.0000 | 0.2500 | 0.7500 | 0.0000 | 0.5000 | 0.0000 | 0.0000 | 0.0000
deepcoder_taco_00451,STABLE_COVERAGE,8,0.15625,0.75,0.59375,0.15625,0.75,0.59375,0.0000 | 0.2500 | 0.0000 | 0.0000 | 0.0000 | 0.2500 | 0.7500 | 0.0000,0.0000 | 0.2500 | 0.0000 | 0.0000 | 0.0000 | 0.2500 | 0.7500 | 0.0000
deepcoder_taco_00472,NO_COVERAGE,8,0.0,0.0,0.0,0.0,0.0,0.0,0.0000 | 0.0000 | 0.0000 | 0.0000 | 0.0000 | 0.0000 | 0.0000 | 0.0000,0.0000 | 0.0000 | 0.0000 | 0.0000 | 0.0000 | 0.0000 | 0.0000 | 0.0000
deepcoder_taco_00476,NO_COVERAGE,8,0.0,0.0,0.0,0.0,0.0,0.0,0.0000 | 0.0000 | 0.0000 | 0.0000 | 0.0000 | 0.0000 | 0.0000 | 0.0000,0.0000 | 0.0000 | 0.0000 | 0.0000 | 0.0000 | 0.0000 | 0.0000 | 0.0000
deepcoder_taco_00483,STABLE_COVERAGE,8,0.875,1.0,0.125,0.903125,1.0,0.09687500000000004,1.0000 | 1.0000 | 1.0000 | 0.0000 | 1.0000 | 1.0000 | 1.0000 | 1.0000,1.0000 | 1.0000 | 1.0000 | 0.2250 | 1.0000 | 1.0000 | 1.0000 | 1.0000
deepcoder_taco_00486,STABLE_COVERAGE,8,0.375,1.0,0.625,0.65625,1.0,0.34375,0.0000 | 0.5000 | 0.5000 | 1.0000 | 0.5000 | 0.2500 | 0.0000 | 0.2500,0.4000 | 0.8500 | 0.7000 | 1.0000 | 0.6500 | 0.4750 | 0.7000 | 0.4750
deepcoder_taco_00488,STABLE_COVERAGE,8,0.6875,1.0,0.3125,0.6875,1.0,0.3125,0.7500 | 0.7500 | 0.7500 | 1.0000 | 0.5000 | 0.5000 | 0.7500 | 0.5000,0.7500 | 0.7500 | 0.7500 | 1.0000 | 0.5000 | 0.5000 | 0.7500 | 0.5000
deepcoder_taco_00515,STABLE_COVERAGE,8,0.375,1.0,0.625,0.390625,1.0,0.609375,0.7500 | 1.0000 | 0.0000 | 0.2500 | 0.7500 | 0.0000 | 0.0000 | 0.2500,0.7500 | 1.0000 | 0.0000 | 0.2500 | 0.7500 | 0.1250 | 0.0000 | 0.2500
deepcoder_taco_00534,NO_COVERAGE,8,0.0,0.0,0.0,0.134375,0.35,0.21562499999999998,0.0000 | 0.0000 | 0.0000 | 0.0000 | 0.0000 | 0.0000 | 0.0000 | 0.0000,0.0250 | 0.1000 | 0.1750 | 0.1750 | 0.3500 | 0.1000 | 0.0750 | 0.0750
deepcoder_taco_00535,NO_COVERAGE,8,0.0,0.0,0.0,0.24062499999999998,0.7,0.459375,0.0000 | 0.0000 | 0.0000 | 0.0000 | 0.0000 | 0.0000 | 0.0000 | 0.0000,0.0000 | 0.5750 | 0.0000 | 0.0000 | 0.0000 | 0.6500 | 0.7000 | 0.0000
deepcoder_taco_00547,STABLE_COVERAGE,8,0.40625,1.0,0.59375,0.440625,1.0,0.559375,0.7500 | 0.2500 | 1.0000 | 0.0000 | 0.2500 | 0.0000 | 0.2500 | 0.7500,0.7500 | 0.2500 | 1.0000 | 0.1250 | 0.2500 | 0.0000 | 0.4000 | 0.7500
deepcoder_taco_00554,NO_COVERAGE,8,0.0,0.0,0.0,0.08125,0.15,0.06874999999999999,0.0000 | 0.0000 | 0.0000 | 0.0000 | 0.0000 | 0.0000 | 0.0000 | 0.0000,0.0500 | 0.1500 | 0.0000 | 0.0500 | 0.1500 | 0.1000 | 0.0000 | 0.1500
deepcoder_taco_00564,STABLE_COVERAGE,8,0.34375,1.0,0.65625,0.54375,1.0,0.45625000000000004,1.0000 | 0.2500 | 0.2500 | 0.5000 | 0.5000 | 0.0000 | 0.2500 | 0.0000,1.0000 | 0.4500 | 0.5500 | 0.6000 | 0.6000 | 0.4000 | 0.3500 | 0.4000
deepcoder_taco_00568,STABLE_COVERAGE,8,0.6875,1.0,0.3125,0.71875,1.0,0.28125,1.0000 | 1.0000 | 0.0000 | 1.0000 | 0.7500 | 0.7500 | 0.7500 | 0.2500,1.0000 | 1.0000 | 0.1500 | 1.0000 | 0.8000 | 0.7500 | 0.8000 | 0.2500
deepcoder_taco_00575,NO_COVERAGE,8,0.0,0.0,0.0,0.0,0.0,0.0,0.0000 | 0.0000 | 0.0000 | 0.0000 | 0.0000 | 0.0000 | 0.0000 | 0.0000,0.0000 | 0.0000 | 0.0000 | 0.0000 | 0.0000 | 0.0000 | 0.0000 | 0.0000
deepcoder_taco_00581,NO_COVERAGE,8,0.0,0.0,0.0,0.00625,0.05,0.043750000000000004,0.0000 | 0.0000 | 0.0000 | 0.0000 | 0.0000 | 0.0000 | 0.0000 | 0.0000,0.0000 | 0.0000 | 0.0000 | 0.0000 | 0.0500 | 0.0000 | 0.0000 | 0.0000
deepcoder_taco_00582,NO_COVERAGE,8,0.0,0.0,0.0,0.0,0.0,0.0,0.0000 | 0.0000 | 0.0000 | 0.0000 | 0.0000 | 0.0000 | 0.0000 | 0.0000,0.0000 | 0.0000 | 0.0000 | 0.0000 | 0.0000 | 0.0000 | 0.0000 | 0.0000
deepcoder_taco_00583,UNSTABLE_COVERAGE,8,0.0625,0.25,0.1875,0.065625,0.25,0.184375,0.0000 | 0.0000 | 0.0000 | 0.2500 | 0.0000 | 0.0000 | 0.0000 | 0.2500,0.0000 | 0.0000 | 0.0000 | 0.2500 | 0.0000 | 0.0250 | 0.0000 | 0.2500
deepcoder_taco_00600,NO_COVERAGE,8,0.0,0.0,0.0,0.0,0.0,0.0,0.0000 | 0.0000 | 0.0000 | 0.0000 | 0.0000 | 0.0000 | 0.0000 | 0.0000,0.0000 | 0.0000 | 0.0000 | 0.0000 | 0.0000 | 0.0000 | 0.0000 | 0.0000
deepcoder_taco_00605,STABLE_COVERAGE,8,0.1875,0.75,0.5625,0.1875,0.75,0.5625,0.2500 | 0.0000 | 0.5000 | 0.0000 | 0.0000 | 0.0000 | 0.0000 | 0.7500,0.2500 | 0.0000 | 0.5000 | 0.0000 | 0.0000 | 0.0000 | 0.0000 | 0.7500
deepcoder_taco_00617,NO_COVERAGE,8,0.0,0.0,0.0,0.0,0.0,0.0,0.0000 | 0.0000 | 0.0000 | 0.0000 | 0.0000 | 0.0000 | 0.0000 | 0.0000,0.0000 | 0.0000 | 0.0000 | 0.0000 | 0.0000 | 0.0000 | 0.0000 | 0.0000
deepcoder_taco_00633,STABLE_COVERAGE,8,0.875,1.0,0.125,0.875,1.0,0.125,0.7500 | 0.7500 | 1.0000 | 1.0000 | 1.0000 | 1.0000 | 0.5000 | 1.0000,0.7500 | 0.7500 | 1.0000 | 1.0000 | 1.0000 | 1.0000 | 0.5000 | 1.0000
deepcoder_taco_00663,STABLE_COVERAGE,8,0.78125,1.0,0.21875,0.878125,1.0,0.12187499999999996,1.0000 | 0.0000 | 1.0000 | 1.0000 | 1.0000 | 1.0000 | 1.0000 | 0.2500,1.0000 | 0.4750 | 1.0000 | 1.0000 | 1.0000 | 1.0000 | 1.0000 | 0.5500
deepcoder_taco_00668,NO_COVERAGE,8,0.0,0.0,0.0,0.0,0.0,0.0,0.0000 | 0.0000 | 0.0000 | 0.0000 | 0.0000 | 0.0000 | 0.0000 | 0.0000,0.0000 | 0.0000 | 0.0000 | 0.0000 | 0.0000 | 0.0000 | 0.0000 | 0.0000
deepcoder_taco_00671,NO_COVERAGE,8,0.0,0.0,0.0,0.025,0.1,0.07500000000000001,0.0000 | 0.0000 | 0.0000 | 0.0000 | 0.0000 | 0.0000 | 0.0000 | 0.0000,0.0250 | 0.0000 | 0.0000 | 0.1000 | 0.0000 | 0.0000 | 0.0250 | 0.0500
deepcoder_taco_00679,NO_COVERAGE,8,0.0,0.0,0.0,0.0,0.0,0.0,0.0000 | 0.0000 | 0.0000 | 0.0000 | 0.0000 | 0.0000 | 0.0000 | 0.0000,0.0000 | 0.0000 | 0.0000 | 0.0000 | 0.0000 | 0.0000 | 0.0000 | 0.0000
deepcoder_taco_00691,UNSTABLE_COVERAGE,8,0.0625,0.5,0.4375,0.4875,0.75,0.2625,0.0000 | 0.0000 | 0.5000 | 0.0000 | 0.0000 | 0.0000 | 0.0000 | 0.0000,0.7500 | 0.3500 | 0.6500 | 0.2000 | 0.3000 | 0.7500 | 0.2000 | 0.7000
deepcoder_taco_00698,NO_COVERAGE,8,0.0,0.0,0.0,0.0,0.0,0.0,0.0000 | 0.0000 | 0.0000 | 0.0000 | 0.0000 | 0.0000 | 0.0000 | 0.0000,0.0000 | 0.0000 | 0.0000 | 0.0000 | 0.0000 | 0.0000 | 0.0000 | 0.0000
deepcoder_taco_00699,NO_COVERAGE,8,0.0,0.0,0.0,0.0,0.0,0.0,0.0000 | 0.0000 | 0.0000 | 0.0000 | 0.0000 | 0.0000 | 0.0000 | 0.0000,0.0000 | 0.0000 | 0.0000 | 0.0000 | 0.0000 | 0.0000 | 0.0000 | 0.0000
deepcoder_taco_00707,STABLE_COVERAGE,8,0.46875,1.0,0.53125,0.65,1.0,0.35,1.0000 | 0.5000 | 0.0000 | 0.0000 | 0.5000 | 1.0000 | 0.5000 | 0.2500,1.0000 | 0.6000 | 0.2000 | 0.2000 | 0.7250 | 1.0000 | 0.5500 | 0.9250
deepcoder_taco_00716,NO_COVERAGE,8,0.0,0.0,0.0,0.0,0.0,0.0,0.0000 | 0.0000 | 0.0000 | 0.0000 | 0.0000 | 0.0000 | 0.0000 | 0.0000,0.0000 | 0.0000 | 0.0000 | 0.0000 | 0.0000 | 0.0000 | 0.0000 | 0.0000
deepcoder_taco_00726,NO_COVERAGE,8,0.0,0.0,0.0,0.003125,0.025,0.021875000000000002,0.0000 | 0.0000 | 0.0000 | 0.0000 | 0.0000 | 0.0000 | 0.0000 | 0.0000,0.0000 | 0.0000 | 0.0000 | 0.0250 | 0.0000 | 0.0000 | 0.0000 | 0.0000
deepcoder_taco_00764,UNSTABLE_COVERAGE,8,0.125,0.25,0.125,0.509375,0.9,0.390625,0.2500 | 0.0000 | 0.2500 | 0.0000 | 0.2500 | 0.0000 | 0.2500 | 0.0000,0.5500 | 0.3000 | 0.7500 | 0.4000 | 0.6250 | 0.9000 | 0.5000 | 0.0500
deepcoder_taco_00783,STABLE_COVERAGE,8,0.90625,1.0,0.09375,0.9625,1.0,0.03749999999999998,1.0000 | 1.0000 | 1.0000 | 1.0000 | 1.0000 | 1.0000 | 1.0000 | 0.2500,1.0000 | 1.0000 | 1.0000 | 1.0000 | 1.0000 | 1.0000 | 1.0000 | 0.7000
deepcoder_taco_00801,NO_COVERAGE,8,0.0,0.0,0.0,0.003125,0.025,0.021875000000000002,0.0000 | 0.0000 | 0.0000 | 0.0000 | 0.0000 | 0.0000 | 0.0000 | 0.0000,0.0000 | 0.0000 | 0.0000 | 0.0000 | 0.0000 | 0.0000 | 0.0250 | 0.0000
deepcoder_taco_00822,NO_COVERAGE,8,0.0,0.0,0.0,0.0125,0.1,0.08750000000000001,0.0000 | 0.0000 | 0.0000 | 0.0000 | 0.0000 | 0.0000 | 0.0000 | 0.0000,0.0000 | 0.1000 | 0.0000 | 0.0000 | 0.0000 | 0.0000 | 0.0000 | 0.0000
deepcoder_taco_00831,NO_COVERAGE,8,0.0,0.0,0.0,0.0,0.0,0.0,0.0000 | 0.0000 | 0.0000 | 0.0000 | 0.0000 | 0.0000 | 0.0000 | 0.0000,0.0000 | 0.0000 | 0.0000 | 0.0000 | 0.0000 | 0.0000 | 0.0000 | 0.0000
deepcoder_taco_00845,UNSTABLE_COVERAGE,8,0.03125,0.25,0.21875,0.03125,0.25,0.21875,0.2500 | 0.0000 | 0.0000 | 0.0000 | 0.0000 | 0.0000 | 0.0000 | 0.0000,0.2500 | 0.0000 | 0.0000 | 0.0000 | 0.0000 | 0.0000 | 0.0000 | 0.0000
deepcoder_taco_00855,NO_COVERAGE,8,0.0,0.0,0.0,0.125,0.17500000000000002,0.05000000000000002,0.0000 | 0.0000 | 0.0000 | 0.0000 | 0.0000 | 0.0000 | 0.0000 | 0.0000,0.1250 | 0.1250 | 0.1000 | 0.0500 | 0.1750 | 0.1750 | 0.1000 | 0.1500
deepcoder_taco_00864,NO_COVERAGE,8,0.0,0.0,0.0,0.0,0.0,0.0,0.0000 | 0.0000 | 0.0000 | 0.0000 | 0.0000 | 0.0000 | 0.0000 | 0.0000,0.0000 | 0.0000 | 0.0000 | 0.0000 | 0.0000 | 0.0000 | 0.0000 | 0.0000
deepcoder_taco_00874,UNSTABLE_COVERAGE,8,0.03125,0.25,0.21875,0.078125,0.25,0.171875,0.0000 | 0.0000 | 0.0000 | 0.0000 | 0.0000 | 0.0000 | 0.2500 | 0.0000,0.0000 | 0.0000 | 0.1000 | 0.1250 | 0.0750 | 0.0750 | 0.2500 | 0.0000
deepcoder_taco_00877,NO_COVERAGE,8,0.0,0.0,0.0,0.07500000000000001,0.17500000000000002,0.1,0.0000 | 0.0000 | 0.0000 | 0.0000 | 0.0000 | 0.0000 | 0.0000 | 0.0000,0.0250 | 0.0750 | 0.1750 | 0.0500 | 0.0750 | 0.0500 | 0.1000 | 0.0500
deepcoder_taco_00881,UNSTABLE_COVERAGE,8,0.03125,0.25,0.21875,0.45625,0.7,0.24374999999999997,0.0000 | 0.0000 | 0.0000 | 0.0000 | 0.0000 | 0.2500 | 0.0000 | 0.0000,0.2750 | 0.4750 | 0.4000 | 0.4500 | 0.7000 | 0.6250 | 0.3000 | 0.4250
deepcoder_taco_00886,NO_COVERAGE,8,0.0,0.0,0.0,0.0375,0.25,0.2125,0.0000 | 0.0000 | 0.0000 | 0.0000 | 0.0000 | 0.0000 | 0.0000 | 0.0000,0.0000 | 0.0250 | 0.0000 | 0.0250 | 0.0000 | 0.2500 | 0.0000 | 0.0000
deepcoder_taco_00888,NO_COVERAGE,8,0.0,0.0,0.0,0.00625,0.05,0.043750000000000004,0.0000 | 0.0000 | 0.0000 | 0.0000 | 0.0000 | 0.0000 | 0.0000 | 0.0000,0.0000 | 0.0000 | 0.0000 | 0.0500 | 0.0000 | 0.0000 | 0.0000 | 0.0000
deepcoder_taco_00892,NO_COVERAGE,8,0.0,0.0,0.0,0.0,0.0,0.0,0.0000 | 0.0000 | 0.0000 | 0.0000 | 0.0000 | 0.0000 | 0.0000 | 0.0000,0.0000 | 0.0000 | 0.0000 | 0.0000 | 0.0000 | 0.0000 | 0.0000 | 0.0000
deepcoder_taco_00906,NO_COVERAGE,8,0.0,0.0,0.0,0.0,0.0,0.0,0.0000 | 0.0000 | 0.0000 | 0.0000 | 0.0000 | 0.0000 | 0.0000 | 0.0000,0.0000 | 0.0000 | 0.0000 | 0.0000 | 0.0000 | 0.0000 | 0.0000 | 0.0000
deepcoder_taco_00907,NO_COVERAGE,8,0.0,0.0,0.0,0.0125,0.1,0.08750000000000001,0.0000 | 0.0000 | 0.0000 | 0.0000 | 0.0000 | 0.0000 | 0.0000 | 0.0000,0.0000 | 0.0000 | 0.0000 | 0.0000 | 0.0000 | 0.0000 | 0.1000 | 0.0000
deepcoder_taco_00909,NO_COVERAGE,8,0.0,0.0,0.0,0.028125,0.05,0.021875000000000002,0.0000 | 0.0000 | 0.0000 | 0.0000 | 0.0000 | 0.0000 | 0.0000 | 0.0000,0.0000 | 0.0000 | 0.0500 | 0.0500 | 0.0500 | 0.0250 | 0.0500 | 0.0000
deepcoder_taco_00914,UNSTABLE_COVERAGE,8,0.03125,0.25,0.21875,0.271875,0.9,0.628125,0.0000 | 0.0000 | 0.0000 | 0.0000 | 0.0000 | 0.0000 | 0.2500 | 0.0000,0.3250 | 0.2500 | 0.9000 | 0.0000 | 0.2250 | 0.2250 | 0.2500 | 0.0000
deepcoder_taco_00929,STABLE_COVERAGE,8,0.34375,0.75,0.40625,0.34375,0.75,0.40625,0.7500 | 0.0000 | 0.7500 | 0.2500 | 0.0000 | 0.2500 | 0.2500 | 0.5000,0.7500 | 0.0000 | 0.7500 | 0.2500 | 0.0000 | 0.2500 | 0.2500 | 0.5000
deepcoder_taco_00967,NO_COVERAGE,8,0.0,0.0,0.0,0.18125,0.55,0.36875,0.0000 | 0.0000 | 0.0000 | 0.0000 | 0.0000 | 0.0000 | 0.0000 | 0.0000,0.3000 | 0.1500 | 0.3000 | 0.5500 | 0.0000 | 0.1500 | 0.0000 | 0.0000
deepcoder_taco_00973,NO_COVERAGE,8,0.0,0.0,0.0,0.146875,0.325,0.178125,0.0000 | 0.0000 | 0.0000 | 0.0000 | 0.0000 | 0.0000 | 0.0000 | 0.0000,0.0500 | 0.0500 | 0.3250 | 0.2250 | 0.1500 | 0.1500 | 0.0000 | 0.2250
deepcoder_taco_01010,UNSTABLE_COVERAGE,8,0.09375,0.5,0.40625,0.1125,0.5,0.3875,0.0000 | 0.2500 | 0.0000 | 0.0000 | 0.0000 | 0.0000 | 0.0000 | 0.5000,0.0000 | 0.3250 | 0.0000 | 0.0000 | 0.0000 | 0.0750 | 0.0000 | 0.5000
deepcoder_taco_01025,UNSTABLE_COVERAGE,8,0.125,0.5,0.375,0.2375,0.75,0.5125,0.0000 | 0.5000 | 0.2500 | 0.2500 | 0.0000 | 0.0000 | 0.0000 | 0.0000,0.0000 | 0.7500 | 0.2500 | 0.4500 | 0.2000 | 0.0000 | 0.0000 | 0.2500
deepcoder_taco_01029,NO_COVERAGE,8,0.0,0.0,0.0,0.0,0.0,0.0,0.0000 | 0.0000 | 0.0000 | 0.0000 | 0.0000 | 0.0000 | 0.0000 | 0.0000,0.0000 | 0.0000 | 0.0000 | 0.0000 | 0.0000 | 0.0000 | 0.0000 | 0.0000
deepcoder_taco_01030,NO_COVERAGE,8,0.0,0.0,0.0,0.0,0.0,0.0,0.0000 | 0.0000 | 0.0000 | 0.0000 | 0.0000 | 0.0000 | 0.0000 | 0.0000,0.0000 | 0.0000 | 0.0000 | 0.0000 | 0.0000 | 0.0000 | 0.0000 | 0.0000
deepcoder_taco_01047,NO_COVERAGE,8,0.0,0.0,0.0,0.159375,0.5,0.340625,0.0000 | 0.0000 | 0.0000 | 0.0000 | 0.0000 | 0.0000 | 0.0000 | 0.0000,0.5000 | 0.0000 | 0.0500 | 0.0500 | 0.0000 | 0.1750 | 0.2000 | 0.3000
deepcoder_taco_01049,NO_COVERAGE,8,0.0,0.0,0.0,0.096875,0.22499999999999998,0.128125,0.0000 | 0.0000 | 0.0000 | 0.0000 | 0.0000 | 0.0000 | 0.0000 | 0.0000,0.1000 | 0.2250 | 0.1000 | 0.0500 | 0.0000 | 0.1000 | 0.1000 | 0.1000
deepcoder_taco_01063,STABLE_COVERAGE,8,0.625,1.0,0.375,0.85625,1.0,0.14375000000000004,1.0000 | 1.0000 | 1.0000 | 0.0000 | 0.0000 | 1.0000 | 0.7500 | 0.2500,1.0000 | 1.0000 | 1.0000 | 0.7000 | 0.6000 | 1.0000 | 0.8500 | 0.7000
deepcoder_taco_01065,STABLE_COVERAGE,8,0.125,1.0,0.875,0.18125,1.0,0.81875,0.0000 | 0.0000 | 1.0000 | 0.0000 | 0.0000 | 0.0000 | 0.0000 | 0.0000,0.0000 | 0.0000 | 1.0000 | 0.1500 | 0.0000 | 0.1500 | 0.0000 | 0.1500
deepcoder_taco_01069,NO_COVERAGE,8,0.0,0.0,0.0,0.15,0.275,0.12500000000000003,0.0000 | 0.0000 | 0.0000 | 0.0000 | 0.0000 | 0.0000 | 0.0000 | 0.0000,0.1500 | 0.1500 | 0.0250 | 0.2750 | 0.2000 | 0.0500 | 0.1500 | 0.2000
deepcoder_taco_01082,NO_COVERAGE,8,0.0,0.0,0.0,0.0,0.0,0.0,0.0000 | 0.0000 | 0.0000 | 0.0000 | 0.0000 | 0.0000 | 0.0000 | 0.0000,0.0000 | 0.0000 | 0.0000 | 0.0000 | 0.0000 | 0.0000 | 0.0000 | 0.0000
deepcoder_taco_01113,NO_COVERAGE,8,0.0,0.0,0.0,0.056249999999999994,0.15,0.09375,0.0000 | 0.0000 | 0.0000 | 0.0000 | 0.0000 | 0.0000 | 0.0000 | 0.0000,0.0000 | 0.1500 | 0.0000 | 0.1500 | 0.0750 | 0.0000 | 0.0750 | 0.0000
