problem_id,problem_index,plan_index,num_codes,num_passed_codes,q_binary,q_tpr,has_any_pass,stable_050,stable_075,stable_100,num_generation_errors,num_parsing_errors,num_evaluation_errors,num_wrong_answer,num_runtime_error,num_tle,num_pass_status
deepcoder_taco_00892,0,0,4,0,0.0,0.0,0,0,0,0,0,0,0,4,0,0,0
deepcoder_taco_00892,0,1,4,0,0.0,0.0,0,0,0,0,0,0,0,2,2,0,0
deepcoder_taco_00892,0,2,4,0,0.0,0.0,0,0,0,0,0,0,0,1,3,0,0
deepcoder_taco_00892,0,3,4,0,0.0,0.0,0,0,0,0,0,0,0,3,1,0,0
deepcoder_taco_00892,0,4,4,0,0.0,0.0,0,0,0,0,0,0,0,3,1,0,0
deepcoder_taco_00892,0,5,4,0,0.0,0.0,0,0,0,0,0,0,0,2,2,0,0
deepcoder_taco_00892,0,6,4,0,0.0,0.0,0,0,0,0,0,0,0,1,3,0,0
deepcoder_taco_00892,0,7,4,0,0.0,0.0,0,0,0,0,0,0,0,0,4,0,0
deepcoder_taco_00582,1,0,4,0,0.0,0.0,0,0,0,0,0,0,0,2,2,0,0
deepcoder_taco_00582,1,1,4,0,0.0,0.0,0,0,0,0,0,0,0,2,2,0,0
deepcoder_taco_00582,1,2,4,0,0.0,0.0,0,0,0,0,0,0,0,1,3,0,0
deepcoder_taco_00582,1,3,4,0,0.0,0.0,0,0,0,0,0,0,0,1,3,0,0
deepcoder_taco_00582,1,4,4,0,0.0,0.0,0,0,0,0,0,0,0,1,3,0,0
deepcoder_taco_00582,1,5,4,0,0.0,0.0,0,0,0,0,0,0,0,1,3,0,0
deepcoder_taco_00582,1,6,4,0,0.0,0.0,0,0,0,0,0,0,0,1,3,0,0
deepcoder_taco_00582,1,7,4,0,0.0,0.0,0,0,0,0,0,0,0,4,0,0,0
deepcoder_taco_01029,2,0,4,0,0.0,0.0,0,0,0,0,0,0,0,3,1,0,0
deepcoder_taco_01029,2,1,4,0,0.0,0.0,0,0,0,0,0,0,0,4,0,0,0
deepcoder_taco_01029,2,2,4,0,0.0,0.0,0,0,0,0,0,0,0,4,0,0,0
deepcoder_taco_01029,2,3,4,0,0.0,0.0,0,0,0,0,0,0,0,4,0,0,0
deepcoder_taco_01029,2,4,4,0,0.0,0.0,0,0,0,0,0,0,0,3,1,0,0
deepcoder_taco_01029,2,5,4,0,0.0,0.0,0,0,0,0,0,0,0,4,0,0,0
deepcoder_taco_01029,2,6,4,0,0.0,0.0,0,0,0,0,0,0,0,4,0,0,0
deepcoder_taco_01029,2,7,4,0,0.0,0.0,0,0,0,0,0,0,0,4,0,0,0
deepcoder_taco_01063,3,0,4,4,1.0,1.0,1,1,1,1,0,0,0,0,0,0,4
deepcoder_taco_01063,3,1,4,4,1.0,1.0,1,1,1,1,0,0,0,0,0,0,4
deepcoder_taco_01063,3,2,4,4,1.0,1.0,1,1,1,1,0,0,0,0,0,0,4
deepcoder_taco_01063,3,3,4,0,0.0,0.7,0,0,0,0,0,0,0,4,0,0,0
deepcoder_taco_01063,3,4,4,0,0.0,0.6,0,0,0,0,0,0,0,4,0,0,0
deepcoder_taco_01063,3,5,4,4,1.0,1.0,1,1,1,1,0,0,0,0,0,0,4
deepcoder_taco_01063,3,6,4,3,0.75,0.85,1,1,1,0,0,0,0,1,0,0,3
deepcoder_taco_01063,3,7,4,1,0.25,0.7000000000000001,1,0,0,0,0,0,0,3,0,0,1
deepcoder_taco_00039,4,0,4,0,0.0,0.0,0,0,0,0,0,0,0,3,1,0,0
deepcoder_taco_00039,4,1,4,0,0.0,0.0,0,0,0,0,0,0,0,4,0,0,0
deepcoder_taco_00039,4,2,4,0,0.0,0.0,0,0,0,0,0,0,0,2,2,0,0
deepcoder_taco_00039,4,3,4,0,0.0,0.0,0,0,0,0,0,0,0,4,0,0,0
deepcoder_taco_00039,4,4,4,0,0.0,0.0,0,0,0,0,0,0,0,3,1,0,0
deepcoder_taco_00039,4,5,4,0,0.0,0.0,0,0,0,0,0,0,0,3,1,0,0
deepcoder_taco_00039,4,6,4,0,0.0,0.0,0,0,0,0,0,0,0,4,0,0,0
deepcoder_taco_00039,4,7,4,0,0.0,0.0,0,0,0,0,0,0,0,2,2,0,0
deepcoder_taco_00554,5,0,4,0,0.0,0.05,0,0,0,0,0,0,0,3,0,1,0
deepcoder_taco_00554,5,1,4,0,0.0,0.15,0,0,0,0,0,0,0,4,0,0,0
deepcoder_taco_00554,5,2,4,0,0.0,0.0,0,0,0,0,0,0,0,3,1,0,0
deepcoder_taco_00554,5,3,4,0,0.0,0.05,0,0,0,0,0,0,0,3,1,0,0
deepcoder_taco_00554,5,4,4,0,0.0,0.15,0,0,0,0,0,0,0,4,0,0,0
deepcoder_taco_00554,5,5,4,0,0.0,0.1,0,0,0,0,0,0,0,4,0,0,0
deepcoder_taco_00554,5,6,4,0,0.0,0.0,0,0,0,0,0,0,0,0,3,1,0
deepcoder_taco_00554,5,7,4,0,0.0,0.15,0,0,0,0,0,0,0,3,1,0,0
deepcoder_taco_00098,6,0,4,2,0.5,0.6000000000000001,1,1,0,0,0,0,0,2,0,0,2
deepcoder_taco_00098,6,1,4,0,0.0,0.15,0,0,0,0,0,0,0,4,0,0,0
deepcoder_taco_00098,6,2,4,0,0.0,0.2,0,0,0,0,0,0,0,4,0,0,0
deepcoder_taco_00098,6,3,4,0,0.0,0.15000000000000002,0,0,0,0,0,0,0,4,0,0,0
deepcoder_taco_00098,6,4,4,1,0.25,0.375,1,0,0,0,0,0,0,3,0,0,1
deepcoder_taco_00098,6,5,4,3,0.75,0.85,1,1,1,0,0,0,0,1,0,0,3
deepcoder_taco_00098,6,6,4,4,1.0,1.0,1,1,1,1,0,0,0,0,0,0,4
deepcoder_taco_00098,6,7,4,1,0.25,0.42500000000000004,1,0,0,0,0,0,0,3,0,0,1
deepcoder_taco_00864,7,0,4,0,0.0,0.0,0,0,0,0,0,0,0,1,3,0,0
deepcoder_taco_00864,7,1,4,0,0.0,0.0,0,0,0,0,0,0,0,2,2,0,0
deepcoder_taco_00864,7,2,4,0,0.0,0.0,0,0,0,0,0,0,0,1,3,0,0
deepcoder_taco_00864,7,3,4,0,0.0,0.0,0,0,0,0,0,0,0,1,3,0,0
deepcoder_taco_00864,7,4,4,0,0.0,0.0,0,0,0,0,0,0,0,0,4,0,0
deepcoder_taco_00864,7,5,4,0,0.0,0.0,0,0,0,0,0,0,0,1,3,0,0
deepcoder_taco_00864,7,6,4,0,0.0,0.0,0,0,0,0,0,0,0,2,2,0,0
deepcoder_taco_00864,7,7,4,0,0.0,0.0,0,0,0,0,0,0,0,1,3,0,0
deepcoder_taco_00402,8,0,4,0,0.0,0.025,0,0,0,0,0,0,0,4,0,0,0
deepcoder_taco_00402,8,1,4,0,0.0,0.025,0,0,0,0,0,0,0,4,0,0,0
deepcoder_taco_00402,8,2,4,0,0.0,0.1,0,0,0,0,0,0,0,4,0,0,0
deepcoder_taco_00402,8,3,4,0,0.0,0.05,0,0,0,0,0,0,0,4,0,0,0
deepcoder_taco_00402,8,4,4,0,0.0,0.025,0,0,0,0,0,0,0,4,0,0,0
deepcoder_taco_00402,8,5,4,0,0.0,0.0,0,0,0,0,0,0,0,4,0,0,0
deepcoder_taco_00402,8,6,4,0,0.0,0.0,0,0,0,0,0,0,0,4,0,0,0
deepcoder_taco_00402,8,7,4,0,0.0,0.1,0,0,0,0,0,0,0,4,0,0,0
deepcoder_taco_00600,9,0,4,0,0.0,0.0,0,0,0,0,0,0,0,3,1,0,0
deepcoder_taco_00600,9,1,4,0,0.0,0.0,0,0,0,0,0,0,0,3,1,0,0
deepcoder_taco_00600,9,2,4,0,0.0,0.0,0,0,0,0,0,0,0,3,1,0,0
deepcoder_taco_00600,9,3,4,0,0.0,0.0,0,0,0,0,0,0,0,3,1,0,0
deepcoder_taco_00600,9,4,4,0,0.0,0.0,0,0,0,0,0,0,0,3,1,0,0
deepcoder_taco_00600,9,5,4,0,0.0,0.0,0,0,0,0,0,0,0,2,2,0,0
deepcoder_taco_00600,9,6,4,0,0.0,0.0,0,0,0,0,0,0,0,3,1,0,0
deepcoder_taco_00600,9,7,4,0,0.0,0.0,0,0,0,0,0,0,0,2,2,0,0
deepcoder_taco_00211,10,0,4,0,0.0,0.475,0,0,0,0,0,0,0,4,0,0,0
deepcoder_taco_00211,10,1,4,0,0.0,0.2,0,0,0,0,0,0,0,4,0,0,0
deepcoder_taco_00211,10,2,4,0,0.0,0.675,0,0,0,0,0,0,0,4,0,0,0
deepcoder_taco_00211,10,3,4,0,0.0,0.27499999999999997,0,0,0,0,0,0,0,4,0,0,0
deepcoder_taco_00211,10,4,4,0,0.0,0.5249999999999999,0,0,0,0,0,0,0,3,1,0,0
deepcoder_taco_00211,10,5,4,0,0.0,0.15000000000000002,0,0,0,0,0,0,0,3,1,0,0
deepcoder_taco_00211,10,6,4,0,0.0,0.2,0,0,0,0,0,0,0,4,0,0,0
deepcoder_taco_00211,10,7,4,0,0.0,0.2,0,0,0,0,0,0,0,4,0,0,0
deepcoder_taco_00929,11,0,4,3,0.75,0.75,1,1,1,0,0,0,0,1,0,0,3
deepcoder_taco_00929,11,1,4,0,0.0,0.0,0,0,0,0,0,0,0,4,0,0,0
deepcoder_taco_00929,11,2,4,3,0.75,0.75,1,1,1,0,0,0,0,1,0,0,3
deepcoder_taco_00929,11,3,4,1,0.25,0.25,1,0,0,0,0,0,0,2,1,0,1
deepcoder_taco_00929,11,4,4,0,0.0,0.0,0,0,0,0,0,0,0,4,0,0,0
deepcoder_taco_00929,11,5,4,1,0.25,0.25,1,0,0,0,0,0,0,3,0,0,1
deepcoder_taco_00929,11,6,4,1,0.25,0.25,1,0,0,0,0,0,0,3,0,0,1
deepcoder_taco_00929,11,7,4,2,0.5,0.5,1,1,0,0,0,0,0,2,0,0,2
deepcoder_taco_00476,12,0,4,0,0.0,0.0,0,0,0,0,0,0,0,3,1,0,0
deepcoder_taco_00476,12,1,4,0,0.0,0.0,0,0,0,0,0,0,0,4,0,0,0
deepcoder_taco_00476,12,2,4,0,0.0,0.0,0,0,0,0,0,0,0,1,0,3,0
deepcoder_taco_00476,12,3,4,0,0.0,0.0,0,0,0,0,0,0,0,4,0,0,0
deepcoder_taco_00476,12,4,4,0,0.0,0.0,0,0,0,0,0,0,0,4,0,0,0
deepcoder_taco_00476,12,5,4,0,0.0,0.0,0,0,0,0,0,0,0,0,0,4,0
deepcoder_taco_00476,12,6,4,0,0.0,0.0,0,0,0,0,0,0,0,0,0,4,0
deepcoder_taco_00476,12,7,4,0,0.0,0.0,0,0,0,0,0,0,0,4,0,0,0
deepcoder_taco_00699,13,0,4,0,0.0,0.0,0,0,0,0,0,0,0,0,4,0,0
deepcoder_taco_00699,13,1,4,0,0.0,0.0,0,0,0,0,0,0,0,1,3,0,0
deepcoder_taco_00699,13,2,4,0,0.0,0.0,0,0,0,0,0,0,0,0,4,0,0
deepcoder_taco_00699,13,3,4,0,0.0,0.0,0,0,0,0,0,0,0,0,4,0,0
deepcoder_taco_00699,13,4,4,0,0.0,0.0,0,0,0,0,0,0,0,1,3,0,0
deepcoder_taco_00699,13,5,4,0,0.0,0.0,0,0,0,0,0,0,0,0,4,0,0
deepcoder_taco_00699,13,6,4,0,0.0,0.0,0,0,0,0,0,0,0,0,4,0,0
deepcoder_taco_00699,13,7,4,0,0.0,0.0,0,0,0,0,0,0,0,0,4,0,0
deepcoder_taco_00783,14,0,4,4,1.0,1.0,1,1,1,1,0,0,0,0,0,0,4
deepcoder_taco_00783,14,1,4,4,1.0,1.0,1,1,1,1,0,0,0,0,0,0,4
deepcoder_taco_00783,14,2,4,4,1.0,1.0,1,1,1,1,0,0,0,0,0,0,4
deepcoder_taco_00783,14,3,4,4,1.0,1.0,1,1,1,1,0,0,0,0,0,0,4
deepcoder_taco_00783,14,4,4,4,1.0,1.0,1,1,1,1,0,0,0,0,0,0,4
deepcoder_taco_00783,14,5,4,4,1.0,1.0,1,1,1,1,0,0,0,0,0,0,4
deepcoder_taco_00783,14,6,4,4,1.0,1.0,1,1,1,1,0,0,0,0,0,0,4
deepcoder_taco_00783,14,7,4,1,0.25,0.7,1,0,0,0,0,0,0,2,0,1,1
deepcoder_taco_00575,15,0,4,0,0.0,0.0,0,0,0,0,0,0,0,0,4,0,0
deepcoder_taco_00575,15,1,4,0,0.0,0.0,0,0,0,0,0,0,0,2,2,0,0
deepcoder_taco_00575,15,2,4,0,0.0,0.0,0,0,0,0,0,0,0,1,3,0,0
deepcoder_taco_00575,15,3,4,0,0.0,0.0,0,0,0,0,0,0,0,2,2,0,0
deepcoder_taco_00575,15,4,4,0,0.0,0.0,0,0,0,0,0,0,0,1,3,0,0
deepcoder_taco_00575,15,5,4,0,0.0,0.0,0,0,0,0,0,0,0,1,3,0,0
deepcoder_taco_00575,15,6,4,0,0.0,0.0,0,0,0,0,0,0,0,1,3,0,0
deepcoder_taco_00575,15,7,4,0,0.0,0.0,0,0,0,0,0,0,0,2,2,0,0
deepcoder_taco_00874,16,0,4,0,0.0,0.0,0,0,0,0,0,0,0,3,1,0,0
deepcoder_taco_00874,16,1,4,0,0.0,0.0,0,0,0,0,0,0,0,0,4,0,0
deepcoder_taco_00874,16,2,4,0,0.0,0.1,0,0,0,0,0,0,0,0,4,0,0
deepcoder_taco_00874,16,3,4,0,0.0,0.125,0,0,0,0,0,0,0,2,2,0,0
deepcoder_taco_00874,16,4,4,0,0.0,0.07500000000000001,0,0,0,0,0,0,0,3,1,0,0
deepcoder_taco_00874,16,5,4,0,0.0,0.07500000000000001,0,0,0,0,0,0,0,2,2,0,0
deepcoder_taco_00874,16,6,4,1,0.25,0.25,1,0,0,0,0,0,0,0,3,0,1
deepcoder_taco_00874,16,7,4,0,0.0,0.0,0,0,0,0,0,0,0,1,3,0,0
deepcoder_taco_00057,17,0,4,1,0.25,0.25,1,0,0,0,0,0,0,2,1,0,1
deepcoder_taco_00057,17,1,4,1,0.25,0.4,1,0,0,0,0,0,0,1,2,0,1
deepcoder_taco_00057,17,2,4,1,0.25,0.25,1,0,0,0,0,0,0,0,3,0,1
deepcoder_taco_00057,17,3,4,0,0.0,0.0,0,0,0,0,0,0,0,1,3,0,0
deepcoder_taco_00057,17,4,4,1,0.25,0.35,1,0,0,0,0,0,0,1,1,1,1
deepcoder_taco_00057,17,5,4,2,0.5,0.5,1,1,0,0,0,0,0,0,2,0,2
deepcoder_taco_00057,17,6,4,2,0.5,0.5,1,1,0,0,0,0,0,0,2,0,2
deepcoder_taco_00057,17,7,4,2,0.5,0.5,1,1,0,0,0,0,0,0,2,0,2
deepcoder_taco_00845,18,0,4,1,0.25,0.25,1,0,0,0,0,0,0,1,2,0,1
deepcoder_taco_00845,18,1,4,0,0.0,0.0,0,0,0,0,0,0,0,3,1,0,0
deepcoder_taco_00845,18,2,4,0,0.0,0.0,0,0,0,0,0,0,0,3,1,0,0
deepcoder_taco_00845,18,3,4,0,0.0,0.0,0,0,0,0,0,0,0,2,2,0,0
deepcoder_taco_00845,18,4,4,0,0.0,0.0,0,0,0,0,0,0,0,3,1,0,0
deepcoder_taco_00845,18,5,4,0,0.0,0.0,0,0,0,0,0,0,0,2,2,0,0
deepcoder_taco_00845,18,6,4,0,0.0,0.0,0,0,0,0,0,0,0,1,3,0,0
deepcoder_taco_00845,18,7,4,0,0.0,0.0,0,0,0,0,0,0,0,2,2,0,0
deepcoder_taco_00379,19,0,4,0,0.0,0.0,0,0,0,0,0,0,0,4,0,0,0
deepcoder_taco_00379,19,1,4,2,0.5,0.8999999999999999,1,1,0,0,0,0,0,2,0,0,2
deepcoder_taco_00379,19,2,4,0,0.0,0.0,0,0,0,0,0,0,0,4,0,0,0
deepcoder_taco_00379,19,3,4,0,0.0,0.0,0,0,0,0,0,0,0,4,0,0,0
deepcoder_taco_00379,19,4,4,0,0.0,0.4,0,0,0,0,0,0,0,4,0,0,0
deepcoder_taco_00379,19,5,4,1,0.25,0.65,1,0,0,0,0,0,0,3,0,0,1
deepcoder_taco_00379,19,6,4,0,0.0,0.2,0,0,0,0,0,0,0,4,0,0,0
deepcoder_taco_00379,19,7,4,0,0.0,0.6000000000000001,0,0,0,0,0,0,0,4,0,0,0
deepcoder_taco_00515,20,0,4,3,0.75,0.75,1,1,1,0,0,0,0,1,0,0,3
deepcoder_taco_00515,20,1,4,4,1.0,1.0,1,1,1,1,0,0,0,0,0,0,4
deepcoder_taco_00515,20,2,4,0,0.0,0.0,0,0,0,0,0,0,0,4,0,0,0
deepcoder_taco_00515,20,3,4,1,0.25,0.25,1,0,0,0,0,0,0,1,2,0,1
deepcoder_taco_00515,20,4,4,3,0.75,0.75,1,1,1,0,0,0,0,1,0,0,3
deepcoder_taco_00515,20,5,4,0,0.0,0.125,0,0,0,0,0,0,0,3,1,0,0
deepcoder_taco_00515,20,6,4,0,0.0,0.0,0,0,0,0,0,0,0,2,2,0,0
deepcoder_taco_00515,20,7,4,1,0.25,0.25,1,0,0,0,0,0,0,2,1,0,1
deepcoder_taco_00907,21,0,4,0,0.0,0.0,0,0,0,0,0,0,0,1,3,0,0
deepcoder_taco_00907,21,1,4,0,0.0,0.0,0,0,0,0,0,0,0,2,2,0,0
deepcoder_taco_00907,21,2,4,0,0.0,0.0,0,0,0,0,0,0,0,3,1,0,0
deepcoder_taco_00907,21,3,4,0,0.0,0.0,0,0,0,0,0,0,0,1,3,0,0
deepcoder_taco_00907,21,4,4,0,0.0,0.0,0,0,0,0,0,0,0,3,1,0,0
deepcoder_taco_00907,21,5,4,0,0.0,0.0,0,0,0,0,0,0,0,3,1,0,0
deepcoder_taco_00907,21,6,4,0,0.0,0.1,0,0,0,0,0,0,0,3,1,0,0
deepcoder_taco_00907,21,7,4,0,0.0,0.0,0,0,0,0,0,0,0,3,1,0,0
deepcoder_taco_00395,22,0,4,1,0.25,0.25,1,0,0,0,0,0,0,3,0,0,1
deepcoder_taco_00395,22,1,4,2,0.5,0.5,1,1,0,0,0,0,0,2,0,0,2
deepcoder_taco_00395,22,2,4,4,1.0,1.0,1,1,1,1,0,0,0,0,0,0,4
deepcoder_taco_00395,22,3,4,1,0.25,0.25,1,0,0,0,0,0,0,3,0,0,1
deepcoder_taco_00395,22,4,4,2,0.5,0.5,1,1,0,0,0,0,0,1,1,0,2
deepcoder_taco_00395,22,5,4,2,0.5,0.5,1,1,0,0,0,0,0,2,0,0,2
deepcoder_taco_00395,22,6,4,1,0.25,0.25,1,0,0,0,0,0,0,3,0,0,1
deepcoder_taco_00395,22,7,4,2,0.5,0.5,1,1,0,0,0,0,0,2,0,0,2
deepcoder_taco_00535,23,0,4,0,0.0,0.0,0,0,0,0,0,0,0,0,4,0,0
deepcoder_taco_00535,23,1,4,0,0.0,0.575,0,0,0,0,0,0,0,4,0,0,0
deepcoder_taco_00535,23,2,4,0,0.0,0.0,0,0,0,0,0,0,0,0,4,0,0
deepcoder_taco_00535,23,3,4,0,0.0,0.0,0,0,0,0,0,0,0,0,4,0,0
deepcoder_taco_00535,23,4,4,0,0.0,0.0,0,0,0,0,0,0,0,0,4,0,0
deepcoder_taco_00535,23,5,4,0,0.0,0.6499999999999999,0,0,0,0,0,0,0,4,0,0,0
deepcoder_taco_00535,23,6,4,0,0.0,0.7,0,0,0,0,0,0,0,4,0,0,0
deepcoder_taco_00535,23,7,4,0,0.0,0.0,0,0,0,0,0,0,0,0,4,0,0
deepcoder_taco_00707,24,0,4,4,1.0,1.0,1,1,1,1,0,0,0,0,0,0,4
deepcoder_taco_00707,24,1,4,2,0.5,0.6,1,1,0,0,0,0,0,2,0,0,2
deepcoder_taco_00707,24,2,4,0,0.0,0.2,0,0,0,0,0,0,0,4,0,0,0
deepcoder_taco_00707,24,3,4,0,0.0,0.2,0,0,0,0,0,0,0,4,0,0,0
deepcoder_taco_00707,24,4,4,2,0.5,0.725,1,1,0,0,0,0,0,2,0,0,2
deepcoder_taco_00707,24,5,4,4,1.0,1.0,1,1,1,1,0,0,0,0,0,0,4
deepcoder_taco_00707,24,6,4,2,0.5,0.55,1,1,0,0,0,0,0,1,1,0,2
deepcoder_taco_00707,24,7,4,1,0.25,0.9249999999999999,1,0,0,0,0,0,0,3,0,0,1
deepcoder_taco_00547,25,0,4,3,0.75,0.75,1,1,1,0,0,0,0,0,0,1,3
deepcoder_taco_00547,25,1,4,1,0.25,0.25,1,0,0,0,0,0,0,2,1,0,1
deepcoder_taco_00547,25,2,4,4,1.0,1.0,1,1,1,1,0,0,0,0,0,0,4
deepcoder_taco_00547,25,3,4,0,0.0,0.125,0,0,0,0,0,0,0,4,0,0,0
deepcoder_taco_00547,25,4,4,1,0.25,0.25,1,0,0,0,0,0,0,1,2,0,1
deepcoder_taco_00547,25,5,4,0,0.0,0.0,0,0,0,0,0,0,0,3,1,0,0
deepcoder_taco_00547,25,6,4,1,0.25,0.39999999999999997,1,0,0,0,0,0,0,3,0,0,1
deepcoder_taco_00547,25,7,4,3,0.75,0.75,1,1,1,0,0,0,0,0,1,0,3
deepcoder_taco_00698,26,0,4,0,0.0,0.0,0,0,0,0,0,0,0,4,0,0,0
deepcoder_taco_00698,26,1,4,0,0.0,0.0,0,0,0,0,0,0,0,4,0,0,0
deepcoder_taco_00698,26,2,4,0,0.0,0.0,0,0,0,0,0,0,0,3,1,0,0
deepcoder_taco_00698,26,3,4,0,0.0,0.0,0,0,0,0,0,0,0,4,0,0,0
deepcoder_taco_00698,26,4,4,0,0.0,0.0,0,0,0,0,0,0,0,2,2,0,0
deepcoder_taco_00698,26,5,4,0,0.0,0.0,0,0,0,0,0,0,0,3,1,0,0
deepcoder_taco_00698,26,6,4,0,0.0,0.0,0,0,0,0,0,0,0,3,1,0,0
deepcoder_taco_00698,26,7,4,0,0.0,0.0,0,0,0,0,0,0,0,1,3,0,0
deepcoder_taco_00633,27,0,4,3,0.75,0.75,1,1,1,0,0,0,0,0,1,0,3
deepcoder_taco_00633,27,1,4,3,0.75,0.75,1,1,1,0,0,0,0,0,1,0,3
deepcoder_taco_00633,27,2,4,4,1.0,1.0,1,1,1,1,0,0,0,0,0,0,4
deepcoder_taco_00633,27,3,4,4,1.0,1.0,1,1,1,1,0,0,0,0,0,0,4
deepcoder_taco_00633,27,4,4,4,1.0,1.0,1,1,1,1,0,0,0,0,0,0,4
deepcoder_taco_00633,27,5,4,4,1.0,1.0,1,1,1,1,0,0,0,0,0,0,4
deepcoder_taco_00633,27,6,4,2,0.5,0.5,1,1,0,0,0,0,0,0,2,0,2
deepcoder_taco_00633,27,7,4,4,1.0,1.0,1,1,1,1,0,0,0,0,0,0,4
deepcoder_taco_00413,28,0,4,0,0.0,0.0,0,0,0,0,0,0,0,3,1,0,0
deepcoder_taco_00413,28,1,4,0,0.0,0.0,0,0,0,0,0,0,0,4,0,0,0
deepcoder_taco_00413,28,2,4,0,0.0,0.0,0,0,0,0,0,0,0,0,4,0,0
deepcoder_taco_00413,28,3,4,0,0.0,0.05,0,0,0,0,0,0,0,2,2,0,0
deepcoder_taco_00413,28,4,4,0,0.0,0.0,0,0,0,0,0,0,0,3,1,0,0
deepcoder_taco_00413,28,5,4,0,0.0,0.0,0,0,0,0,0,0,0,2,2,0,0
deepcoder_taco_00413,28,6,4,0,0.0,0.0,0,0,0,0,0,0,0,0,4,0,0
deepcoder_taco_00413,28,7,4,0,0.0,0.0,0,0,0,0,0,0,0,3,1,0,0
deepcoder_taco_00886,29,0,4,0,0.0,0.0,0,0,0,0,0,0,0,2,1,1,0
deepcoder_taco_00886,29,1,4,0,0.0,0.025,0,0,0,0,0,0,0,3,1,0,0
deepcoder_taco_00886,29,2,4,0,0.0,0.0,0,0,0,0,0,0,0,0,4,0,0
deepcoder_taco_00886,29,3,4,0,0.0,0.025,0,0,0,0,0,0,0,4,0,0,0
deepcoder_taco_00886,29,4,4,0,0.0,0.0,0,0,0,0,0,0,0,4,0,0,0
deepcoder_taco_00886,29,5,4,0,0.0,0.25,0,0,0,0,0,0,0,3,1,0,0
deepcoder_taco_00886,29,6,4,0,0.0,0.0,0,0,0,0,0,0,0,2,1,1,0
deepcoder_taco_00886,29,7,4,0,0.0,0.0,0,0,0,0,0,0,0,4,0,0,0
deepcoder_taco_00716,30,0,4,0,0.0,0.0,0,0,0,0,0,0,0,0,0,4,0
deepcoder_taco_00716,30,1,4,0,0.0,0.0,0,0,0,0,0,0,0,3,0,1,0
deepcoder_taco_00716,30,2,4,0,0.0,0.0,0,0,0,0,0,0,0,1,0,3,0
deepcoder_taco_00716,30,3,4,0,0.0,0.0,0,0,0,0,0,0,0,1,0,3,0
deepcoder_taco_00716,30,4,4,0,0.0,0.0,0,0,0,0,0,0,0,0,0,4,0
deepcoder_taco_00716,30,5,4,0,0.0,0.0,0,0,0,0,0,0,0,0,0,4,0
deepcoder_taco_00716,30,6,4,0,0.0,0.0,0,0,0,0,0,0,0,0,0,4,0
deepcoder_taco_00716,30,7,4,0,0.0,0.0,0,0,0,0,0,0,0,0,2,2,0
deepcoder_taco_01082,31,0,4,0,0.0,0.0,0,0,0,0,0,0,0,4,0,0,0
deepcoder_taco_01082,31,1,4,0,0.0,0.0,0,0,0,0,0,0,0,2,2,0,0
deepcoder_taco_01082,31,2,4,0,0.0,0.0,0,0,0,0,0,0,0,3,0,1,0
deepcoder_taco_01082,31,3,4,0,0.0,0.0,0,0,0,0,0,0,0,4,0,0,0
deepcoder_taco_01082,31,4,4,0,0.0,0.0,0,0,0,0,0,0,0,3,1,0,0
deepcoder_taco_01082,31,5,4,0,0.0,0.0,0,0,0,0,0,0,0,4,0,0,0
deepcoder_taco_01082,31,6,4,0,0.0,0.0,0,0,0,0,0,0,0,2,2,0,0
deepcoder_taco_01082,31,7,4,0,0.0,0.0,0,0,0,0,0,0,0,3,1,0,0
deepcoder_taco_00914,32,0,4,0,0.0,0.325,0,0,0,0,0,0,0,3,1,0,0
deepcoder_taco_00914,32,1,4,0,0.0,0.25,0,0,0,0,0,0,0,3,1,0,0
deepcoder_taco_00914,32,2,4,0,0.0,0.9,0,0,0,0,0,0,0,4,0,0,0
deepcoder_taco_00914,32,3,4,0,0.0,0.0,0,0,0,0,0,0,0,2,2,0,0
deepcoder_taco_00914,32,4,4,0,0.0,0.22499999999999998,0,0,0,0,0,0,0,4,0,0,0
deepcoder_taco_00914,32,5,4,0,0.0,0.225,0,0,0,0,0,0,0,3,1,0,0
deepcoder_taco_00914,32,6,4,1,0.25,0.25,1,0,0,0,0,0,0,3,0,0,1
deepcoder_taco_00914,32,7,4,0,0.0,0.0,0,0,0,0,0,0,0,1,3,0,0
deepcoder_taco_00568,33,0,4,4,1.0,1.0,1,1,1,1,0,0,0,0,0,0,4
deepcoder_taco_00568,33,1,4,4,1.0,1.0,1,1,1,1,0,0,0,0,0,0,4
deepcoder_taco_00568,33,2,4,0,0.0,0.15000000000000002,0,0,0,0,0,0,0,3,1,0,0
deepcoder_taco_00568,33,3,4,4,1.0,1.0,1,1,1,1,0,0,0,0,0,0,4
deepcoder_taco_00568,33,4,4,3,0.75,0.8,1,1,1,0,0,0,0,1,0,0,3
deepcoder_taco_00568,33,5,4,3,0.75,0.75,1,1,1,0,0,0,0,0,1,0,3
deepcoder_taco_00568,33,6,4,3,0.75,0.8,1,1,1,0,0,0,0,1,0,0,3
deepcoder_taco_00568,33,7,4,1,0.25,0.25,1,0,0,0,0,0,0,0,3,0,1
deepcoder_taco_01065,34,0,4,0,0.0,0.0,0,0,0,0,0,0,0,2,1,1,0
deepcoder_taco_01065,34,1,4,0,0.0,0.0,0,0,0,0,0,0,0,4,0,0,0
deepcoder_taco_01065,34,2,4,4,1.0,1.0,1,1,1,1,0,0,0,0,0,0,4
deepcoder_taco_01065,34,3,4,0,0.0,0.15,0,0,0,0,0,0,0,4,0,0,0
deepcoder_taco_01065,34,4,4,0,0.0,0.0,0,0,0,0,0,0,0,3,1,0,0
deepcoder_taco_01065,34,5,4,0,0.0,0.15,0,0,0,0,0,0,0,4,0,0,0
deepcoder_taco_01065,34,6,4,0,0.0,0.0,0,0,0,0,0,0,0,3,1,0,0
deepcoder_taco_01065,34,7,4,0,0.0,0.15,0,0,0,0,0,0,0,4,0,0,0
deepcoder_taco_00417,35,0,4,2,0.5,0.5,1,1,0,0,0,0,0,0,2,0,2
deepcoder_taco_00417,35,1,4,3,0.75,0.75,1,1,1,0,0,0,0,0,1,0,3
deepcoder_taco_00417,35,2,4,0,0.0,0.0,0,0,0,0,0,0,0,3,1,0,0
deepcoder_taco_00417,35,3,4,2,0.5,0.5,1,1,0,0,0,0,0,0,2,0,2
deepcoder_taco_00417,35,4,4,0,0.0,0.0,0,0,0,0,0,0,0,0,4,0,0
deepcoder_taco_00417,35,5,4,1,0.25,0.25,1,0,0,0,0,0,0,1,2,0,1
deepcoder_taco_00417,35,6,4,2,0.5,0.5,1,1,0,0,0,0,0,1,1,0,2
deepcoder_taco_00417,35,7,4,3,0.75,0.75,1,1,1,0,0,0,0,0,1,0,3
deepcoder_taco_00679,36,0,4,0,0.0,0.0,0,0,0,0,0,0,0,0,4,0,0
deepcoder_taco_00679,36,1,4,0,0.0,0.0,0,0,0,0,0,0,0,2,2,0,0
deepcoder_taco_00679,36,2,4,0,0.0,0.0,0,0,0,0,0,0,0,0,4,0,0
deepcoder_taco_00679,36,3,4,0,0.0,0.0,0,0,0,0,0,0,0,0,4,0,0
deepcoder_taco_00679,36,4,4,0,0.0,0.0,0,0,0,0,0,0,0,0,4,0,0
deepcoder_taco_00679,36,5,4,0,0.0,0.0,0,0,0,0,0,0,0,4,0,0,0
deepcoder_taco_00679,36,6,4,0,0.0,0.0,0,0,0,0,0,0,0,0,4,0,0
deepcoder_taco_00679,36,7,4,0,0.0,0.0,0,0,0,0,0,0,0,0,4,0,0
deepcoder_taco_00831,37,0,4,0,0.0,0.0,0,0,0,0,0,0,0,4,0,0,0
deepcoder_taco_00831,37,1,4,0,0.0,0.0,0,0,0,0,0,0,0,4,0,0,0
deepcoder_taco_00831,37,2,4,0,0.0,0.0,0,0,0,0,0,0,0,2,2,0,0
deepcoder_taco_00831,37,3,4,0,0.0,0.0,0,0,0,0,0,0,0,2,2,0,0
deepcoder_taco_00831,37,4,4,0,0.0,0.0,0,0,0,0,0,0,0,2,2,0,0
deepcoder_taco_00831,37,5,4,0,0.0,0.0,0,0,0,0,0,0,0,2,2,0,0
deepcoder_taco_00831,37,6,4,0,0.0,0.0,0,0,0,0,0,0,0,3,1,0,0
deepcoder_taco_00831,37,7,4,0,0.0,0.0,0,0,0,0,0,0,0,4,0,0,0
deepcoder_taco_00061,38,0,4,0,0.0,0.625,0,0,0,0,0,0,0,4,0,0,0
deepcoder_taco_00061,38,1,4,1,0.25,0.725,1,0,0,0,0,0,0,3,0,0,1
deepcoder_taco_00061,38,2,4,0,0.0,0.7,0,0,0,0,0,0,0,4,0,0,0
deepcoder_taco_00061,38,3,4,0,0.0,0.575,0,0,0,0,0,0,0,4,0,0,0
deepcoder_taco_00061,38,4,4,0,0.0,0.175,0,0,0,0,0,0,0,4,0,0,0
deepcoder_taco_00061,38,5,4,0,0.0,0.6,0,0,0,0,0,0,0,4,0,0,0
deepcoder_taco_00061,38,6,4,0,0.0,0.7749999999999999,0,0,0,0,0,0,0,4,0,0,0
deepcoder_taco_00061,38,7,4,1,0.25,0.675,1,0,0,0,0,0,0,3,0,0,1
deepcoder_taco_00486,39,0,4,0,0.0,0.4,0,0,0,0,0,0,0,4,0,0,0
deepcoder_taco_00486,39,1,4,2,0.5,0.8500000000000001,1,1,0,0,0,0,0,2,0,0,2
deepcoder_taco_00486,39,2,4,2,0.5,0.7,1,1,0,0,0,0,0,2,0,0,2
deepcoder_taco_00486,39,3,4,4,1.0,1.0,1,1,1,1,0,0,0,0,0,0,4
deepcoder_taco_00486,39,4,4,2,0.5,0.65,1,1,0,0,0,0,0,2,0,0,2
deepcoder_taco_00486,39,5,4,1,0.25,0.475,1,0,0,0,0,0,0,3,0,0,1
deepcoder_taco_00486,39,6,4,0,0.0,0.7,0,0,0,0,0,0,0,4,0,0,0
deepcoder_taco_00486,39,7,4,1,0.25,0.47500000000000003,1,0,0,0,0,0,0,3,0,0,1
deepcoder_taco_00064,40,0,4,0,0.0,0.49999999999999994,0,0,0,0,0,0,0,3,0,1,0
deepcoder_taco_00064,40,1,4,0,0.0,0.075,0,0,0,0,0,0,0,1,1,2,0
deepcoder_taco_00064,40,2,4,0,0.0,0.55,0,0,0,0,0,0,0,4,0,0,0
deepcoder_taco_00064,40,3,4,0,0.0,0.3,0,0,0,0,0,0,0,4,0,0,0
deepcoder_taco_00064,40,4,4,0,0.0,0.125,0,0,0,0,0,0,0,1,0,3,0
deepcoder_taco_00064,40,5,4,0,0.0,0.35,0,0,0,0,0,0,0,2,0,2,0
deepcoder_taco_00064,40,6,4,1,0.25,0.47500000000000003,1,0,0,0,0,0,0,3,0,0,1
deepcoder_taco_00064,40,7,4,0,0.0,0.375,0,0,0,0,0,0,0,4,0,0,0
deepcoder_taco_00301,41,0,4,0,0.0,0.225,0,0,0,0,0,0,0,4,0,0,0
deepcoder_taco_00301,41,1,4,0,0.0,0.45,0,0,0,0,0,0,0,4,0,0,0
deepcoder_taco_00301,41,2,4,0,0.0,0.0,0,0,0,0,0,0,0,4,0,0,0
deepcoder_taco_00301,41,3,4,0,0.0,0.0,0,0,0,0,0,0,0,2,2,0,0
deepcoder_taco_00301,41,4,4,0,0.0,0.0,0,0,0,0,0,0,0,3,1,0,0
deepcoder_taco_00301,41,5,4,1,0.25,0.25,1,0,0,0,0,0,0,2,1,0,1
deepcoder_taco_00301,41,6,4,0,0.0,0.0,0,0,0,0,0,0,0,4,0,0,0
deepcoder_taco_00301,41,7,4,0,0.0,0.0,0,0,0,0,0,0,0,4,0,0,0
deepcoder_taco_00888,42,0,4,0,0.0,0.0,0,0,0,0,0,0,0,0,2,2,0
deepcoder_taco_00888,42,1,4,0,0.0,0.0,0,0,0,0,0,0,0,3,1,0,0
deepcoder_taco_00888,42,2,4,0,0.0,0.0,0,0,0,0,0,0,0,3,1,0,0
deepcoder_taco_00888,42,3,4,0,0.0,0.05,0,0,0,0,0,0,0,3,1,0,0
deepcoder_taco_00888,42,4,4,0,0.0,0.0,0,0,0,0,0,0,0,3,1,0,0
deepcoder_taco_00888,42,5,4,0,0.0,0.0,0,0,0,0,0,0,0,3,1,0,0
deepcoder_taco_00888,42,6,4,0,0.0,0.0,0,0,0,0,0,0,0,1,2,1,0
deepcoder_taco_00888,42,7,4,0,0.0,0.0,0,0,0,0,0,0,0,4,0,0,0
deepcoder_taco_00212,43,0,4,0,0.0,0.0,0,0,0,0,0,0,0,1,0,3,0
deepcoder_taco_00212,43,1,4,0,0.0,0.0,0,0,0,0,0,0,0,1,0,3,0
deepcoder_taco_00212,43,2,4,0,0.0,0.0,0,0,0,0,0,0,0,0,0,4,0
deepcoder_taco_00212,43,3,4,0,0.0,0.0,0,0,0,0,0,0,0,1,1,2,0
deepcoder_taco_00212,43,4,4,0,0.0,0.0,0,0,0,0,0,0,0,0,0,4,0
deepcoder_taco_00212,43,5,4,0,0.0,0.0,0,0,0,0,0,0,0,1,0,3,0
deepcoder_taco_00212,43,6,4,0,0.0,0.0,0,0,0,0,0,0,0,0,0,4,0
deepcoder_taco_00212,43,7,4,0,0.0,0.0,0,0,0,0,0,0,0,1,0,3,0
deepcoder_taco_00534,44,0,4,0,0.0,0.025,0,0,0,0,0,0,0,1,3,0,0
deepcoder_taco_00534,44,1,4,0,0.0,0.1,0,0,0,0,0,0,0,2,2,0,0
deepcoder_taco_00534,44,2,4,0,0.0,0.175,0,0,0,0,0,0,0,1,3,0,0
deepcoder_taco_00534,44,3,4,0,0.0,0.175,0,0,0,0,0,0,0,3,1,0,0
deepcoder_taco_00534,44,4,4,0,0.0,0.35,0,0,0,0,0,0,0,3,1,0,0
deepcoder_taco_00534,44,5,4,0,0.0,0.1,0,0,0,0,0,0,0,3,1,0,0
deepcoder_taco_00534,44,6,4,0,0.0,0.075,0,0,0,0,0,0,0,0,4,0,0
deepcoder_taco_00534,44,7,4,0,0.0,0.075,0,0,0,0,0,0,0,3,1,0,0
deepcoder_taco_00906,45,0,4,0,0.0,0.0,0,0,0,0,0,0,0,4,0,0,0
deepcoder_taco_00906,45,1,4,0,0.0,0.0,0,0,0,0,0,0,0,4,0,0,0
deepcoder_taco_00906,45,2,4,0,0.0,0.0,0,0,0,0,0,0,0,3,1,0,0
deepcoder_taco_00906,45,3,4,0,0.0,0.0,0,0,0,0,0,0,0,3,0,1,0
deepcoder_taco_00906,45,4,4,0,0.0,0.0,0,0,0,0,0,0,0,3,0,1,0
deepcoder_taco_00906,45,5,4,0,0.0,0.0,0,0,0,0,0,0,0,1,0,3,0
deepcoder_taco_00906,45,6,4,0,0.0,0.0,0,0,0,0,0,0,0,4,0,0,0
deepcoder_taco_00906,45,7,4,0,0.0,0.0,0,0,0,0,0,0,0,1,0,3,0
deepcoder_taco_00200,46,0,4,0,0.0,0.0,0,0,0,0,0,0,0,4,0,0,0
deepcoder_taco_00200,46,1,4,1,0.25,0.25,1,0,0,0,0,0,0,3,0,0,1
deepcoder_taco_00200,46,2,4,0,0.0,0.0,0,0,0,0,0,0,0,4,0,0,0
deepcoder_taco_00200,46,3,4,0,0.0,0.0,0,0,0,0,0,0,0,4,0,0,0
deepcoder_taco_00200,46,4,4,0,0.0,0.0,0,0,0,0,0,0,0,4,0,0,0
deepcoder_taco_00200,46,5,4,1,0.25,0.25,1,0,0,0,0,0,0,3,0,0,1
deepcoder_taco_00200,46,6,4,0,0.0,0.0,0,0,0,0,0,0,0,4,0,0,0
deepcoder_taco_00200,46,7,4,2,0.5,0.525,1,1,0,0,0,0,0,1,1,0,2
deepcoder_taco_00171,47,0,4,0,0.0,0.0,0,0,0,0,0,0,0,3,1,0,0
deepcoder_taco_00171,47,1,4,0,0.0,0.0,0,0,0,0,0,0,0,2,2,0,0
deepcoder_taco_00171,47,2,4,0,0.0,0.0,0,0,0,0,0,0,0,4,0,0,0
deepcoder_taco_00171,47,3,4,0,0.0,0.175,0,0,0,0,0,0,0,1,3,0,0
deepcoder_taco_00171,47,4,4,0,0.0,0.025,0,0,0,0,0,0,0,2,2,0,0
deepcoder_taco_00171,47,5,4,0,0.0,0.0,0,0,0,0,0,0,0,2,2,0,0
deepcoder_taco_00171,47,6,4,0,0.0,0.0,0,0,0,0,0,0,0,3,1,0,0
deepcoder_taco_00171,47,7,4,0,0.0,0.025,0,0,0,0,0,0,0,4,0,0,0
deepcoder_taco_00855,48,0,4,0,0.0,0.125,0,0,0,0,0,0,0,1,3,0,0
deepcoder_taco_00855,48,1,4,0,0.0,0.125,0,0,0,0,0,0,0,3,1,0,0
deepcoder_taco_00855,48,2,4,0,0.0,0.1,0,0,0,0,0,0,0,4,0,0,0
deepcoder_taco_00855,48,3,4,0,0.0,0.05,0,0,0,0,0,0,0,1,3,0,0
deepcoder_taco_00855,48,4,4,0,0.0,0.175,0,0,0,0,0,0,0,4,0,0,0
deepcoder_taco_00855,48,5,4,0,0.0,0.175,0,0,0,0,0,0,0,4,0,0,0
deepcoder_taco_00855,48,6,4,0,0.0,0.1,0,0,0,0,0,0,0,1,3,0,0
deepcoder_taco_00855,48,7,4,0,0.0,0.15000000000000002,0,0,0,0,0,0,0,4,0,0,0
deepcoder_taco_00132,49,0,4,0,0.0,0.0,0,0,0,0,0,0,0,4,0,0,0
deepcoder_taco_00132,49,1,4,0,0.0,0.0,0,0,0,0,0,0,0,3,1,0,0
deepcoder_taco_00132,49,2,4,0,0.0,0.0,0,0,0,0,0,0,0,3,1,0,0
deepcoder_taco_00132,49,3,4,0,0.0,0.025,0,0,0,0,0,0,0,4,0,0,0
deepcoder_taco_00132,49,4,4,0,0.0,0.025,0,0,0,0,0,0,0,4,0,0,0
deepcoder_taco_00132,49,5,4,0,0.0,0.0,0,0,0,0,0,0,0,3,1,0,0
deepcoder_taco_00132,49,6,4,0,0.0,0.0,0,0,0,0,0,0,0,4,0,0,0
deepcoder_taco_00132,49,7,4,0,0.0,0.025,0,0,0,0,0,0,0,4,0,0,0
deepcoder_taco_00488,50,0,4,3,0.75,0.75,1,1,1,0,0,0,0,0,1,0,3
deepcoder_taco_00488,50,1,4,3,0.75,0.75,1,1,1,0,0,0,0,0,1,0,3
deepcoder_taco_00488,50,2,4,3,0.75,0.75,1,1,1,0,0,0,0,0,1,0,3
deepcoder_taco_00488,50,3,4,4,1.0,1.0,1,1,1,1,0,0,0,0,0,0,4
deepcoder_taco_00488,50,4,4,2,0.5,0.5,1,1,0,0,0,0,0,0,2,0,2
deepcoder_taco_00488,50,5,4,2,0.5,0.5,1,1,0,0,0,0,0,0,2,0,2
deepcoder_taco_00488,50,6,4,3,0.75,0.75,1,1,1,0,0,0,0,0,1,0,3
deepcoder_taco_00488,50,7,4,2,0.5,0.5,1,1,0,0,0,0,0,0,2,0,2
deepcoder_taco_01113,51,0,4,0,0.0,0.0,0,0,0,0,0,0,0,2,2,0,0
deepcoder_taco_01113,51,1,4,0,0.0,0.15,0,0,0,0,0,0,0,2,2,0,0
deepcoder_taco_01113,51,2,4,0,0.0,0.0,0,0,0,0,0,0,0,0,2,2,0
deepcoder_taco_01113,51,3,4,0,0.0,0.15,0,0,0,0,0,0,0,2,1,1,0
deepcoder_taco_01113,51,4,4,0,0.0,0.075,0,0,0,0,0,0,0,1,1,2,0
deepcoder_taco_01113,51,5,4,0,0.0,0.0,0,0,0,0,0,0,0,3,1,0,0
deepcoder_taco_01113,51,6,4,0,0.0,0.075,0,0,0,0,0,0,0,0,4,0,0
deepcoder_taco_01113,51,7,4,0,0.0,0.0,0,0,0,0,0,0,0,1,3,0,0
deepcoder_taco_00022,52,0,4,0,0.0,0.0,0,0,0,0,0,0,0,3,1,0,0
deepcoder_taco_00022,52,1,4,0,0.0,0.0,0,0,0,0,0,0,0,1,2,1,0
deepcoder_taco_00022,52,2,4,0,0.0,0.0,0,0,0,0,0,0,0,0,3,1,0
deepcoder_taco_00022,52,3,4,0,0.0,0.0,0,0,0,0,0,0,0,1,3,0,0
deepcoder_taco_00022,52,4,4,0,0.0,0.0,0,0,0,0,0,0,0,2,2,0,0
deepcoder_taco_00022,52,5,4,0,0.0,0.0,0,0,0,0,0,0,0,3,1,0,0
deepcoder_taco_00022,52,6,4,0,0.0,0.0,0,0,0,0,0,0,0,2,2,0,0
deepcoder_taco_00022,52,7,4,0,0.0,0.0,0,0,0,0,0,0,0,2,2,0,0
deepcoder_taco_00216,53,0,4,0,0.0,0.0,0,0,0,0,0,0,0,2,2,0,0
deepcoder_taco_00216,53,1,4,0,0.0,0.0,0,0,0,0,0,0,0,2,2,0,0
deepcoder_taco_00216,53,2,4,0,0.0,0.0,0,0,0,0,0,0,0,2,2,0,0
deepcoder_taco_00216,53,3,4,0,0.0,0.0,0,0,0,0,0,0,0,1,3,0,0
deepcoder_taco_00216,53,4,4,0,0.0,0.0,0,0,0,0,0,0,0,3,1,0,0
deepcoder_taco_00216,53,5,4,0,0.0,0.0,0,0,0,0,0,0,0,1,3,0,0
deepcoder_taco_00216,53,6,4,0,0.0,0.0,0,0,0,0,0,0,0,2,1,1,0
deepcoder_taco_00216,53,7,4,0,0.0,0.0,0,0,0,0,0,0,0,2,2,0,0
deepcoder_taco_00472,54,0,4,0,0.0,0.0,0,0,0,0,0,0,0,4,0,0,0
deepcoder_taco_00472,54,1,4,0,0.0,0.0,0,0,0,0,0,0,0,0,2,2,0
deepcoder_taco_00472,54,2,4,0,0.0,0.0,0,0,0,0,0,0,0,4,0,0,0
deepcoder_taco_00472,54,3,4,0,0.0,0.0,0,0,0,0,0,0,0,1,1,2,0
deepcoder_taco_00472,54,4,4,0,0.0,0.0,0,0,0,0,0,0,0,4,0,0,0
deepcoder_taco_00472,54,5,4,0,0.0,0.0,0,0,0,0,0,0,0,2,0,2,0
deepcoder_taco_00472,54,6,4,0,0.0,0.0,0,0,0,0,0,0,0,2,2,0,0
deepcoder_taco_00472,54,7,4,0,0.0,0.0,0,0,0,0,0,0,0,2,0,2,0
deepcoder_taco_00671,55,0,4,0,0.0,0.025,0,0,0,0,0,0,0,3,1,0,0
deepcoder_taco_00671,55,1,4,0,0.0,0.0,0,0,0,0,0,0,0,3,1,0,0
deepcoder_taco_00671,55,2,4,0,0.0,0.0,0,0,0,0,0,0,0,2,2,0,0
deepcoder_taco_00671,55,3,4,0,0.0,0.1,0,0,0,0,0,0,0,4,0,0,0
deepcoder_taco_00671,55,4,4,0,0.0,0.0,0,0,0,0,0,0,0,2,2,0,0
deepcoder_taco_00671,55,5,4,0,0.0,0.0,0,0,0,0,0,0,0,4,0,0,0
deepcoder_taco_00671,55,6,4,0,0.0,0.025,0,0,0,0,0,0,0,4,0,0,0
deepcoder_taco_00671,55,7,4,0,0.0,0.05,0,0,0,0,0,0,0,3,1,0,0
deepcoder_taco_00764,56,0,4,1,0.25,0.55,1,0,0,0,0,0,0,0,3,0,1
deepcoder_taco_00764,56,1,4,0,0.0,0.3,0,0,0,0,0,0,0,0,3,1,0
deepcoder_taco_00764,56,2,4,1,0.25,0.75,1,0,0,0,0,0,0,1,2,0,1
deepcoder_taco_00764,56,3,4,0,0.0,0.4,0,0,0,0,0,0,0,1,3,0,0
deepcoder_taco_00764,56,4,4,1,0.25,0.625,1,0,0,0,0,0,0,1,2,0,1
deepcoder_taco_00764,56,5,4,0,0.0,0.9,0,0,0,0,0,0,0,0,4,0,0
deepcoder_taco_00764,56,6,4,1,0.25,0.5,1,0,0,0,0,0,0,0,3,0,1
deepcoder_taco_00764,56,7,4,0,0.0,0.05,0,0,0,0,0,0,0,0,4,0,0
deepcoder_taco_00877,57,0,4,0,0.0,0.025,0,0,0,0,0,0,0,2,1,1,0
deepcoder_taco_00877,57,1,4,0,0.0,0.07500000000000001,0,0,0,0,0,0,0,3,1,0,0
deepcoder_taco_00877,57,2,4,0,0.0,0.175,0,0,0,0,0,0,0,4,0,0,0
deepcoder_taco_00877,57,3,4,0,0.0,0.05,0,0,0,0,0,0,0,2,1,1,0
deepcoder_taco_00877,57,4,4,0,0.0,0.07500000000000001,0,0,0,0,0,0,0,3,1,0,0
deepcoder_taco_00877,57,5,4,0,0.0,0.05,0,0,0,0,0,0,0,4,0,0,0
deepcoder_taco_00877,57,6,4,0,0.0,0.1,0,0,0,0,0,0,0,4,0,0,0
deepcoder_taco_00877,57,7,4,0,0.0,0.05,0,0,0,0,0,0,0,4,0,0,0
deepcoder_taco_00251,58,0,4,0,0.0,0.05,0,0,0,0,0,0,0,3,1,0,0
deepcoder_taco_00251,58,1,4,0,0.0,0.0,0,0,0,0,0,0,0,2,2,0,0
deepcoder_taco_00251,58,2,4,0,0.0,0.0,0,0,0,0,0,0,0,3,1,0,0
deepcoder_taco_00251,58,3,4,0,0.0,0.0,0,0,0,0,0,0,0,2,1,1,0
deepcoder_taco_00251,58,4,4,0,0.0,0.05,0,0,0,0,0,0,0,2,2,0,0
deepcoder_taco_00251,58,5,4,0,0.0,0.2,0,0,0,0,0,0,0,3,1,0,0
deepcoder_taco_00251,58,6,4,0,0.0,0.075,0,0,0,0,0,0,0,3,1,0,0
deepcoder_taco_00251,58,7,4,0,0.0,0.0,0,0,0,0,0,0,0,3,1,0,0
deepcoder_taco_00668,59,0,4,0,0.0,0.0,0,0,0,0,0,0,0,1,3,0,0
deepcoder_taco_00668,59,1,4,0,0.0,0.0,0,0,0,0,0,0,0,2,2,0,0
deepcoder_taco_00668,59,2,4,0,0.0,0.0,0,0,0,0,0,0,0,1,3,0,0
deepcoder_taco_00668,59,3,4,0,0.0,0.0,0,0,0,0,0,0,0,1,3,0,0
deepcoder_taco_00668,59,4,4,0,0.0,0.0,0,0,0,0,0,0,0,1,3,0,0
deepcoder_taco_00668,59,5,4,0,0.0,0.0,0,0,0,0,0,0,0,0,4,0,0
deepcoder_taco_00668,59,6,4,0,0.0,0.0,0,0,0,0,0,0,0,0,4,0,0
deepcoder_taco_00668,59,7,4,0,0.0,0.0,0,0,0,0,0,0,0,2,2,0,0
deepcoder_taco_00663,60,0,4,4,1.0,1.0,1,1,1,1,0,0,0,0,0,0,4
deepcoder_taco_00663,60,1,4,0,0.0,0.475,0,0,0,0,0,0,0,3,0,1,0
deepcoder_taco_00663,60,2,4,4,1.0,1.0,1,1,1,1,0,0,0,0,0,0,4
deepcoder_taco_00663,60,3,4,4,1.0,1.0,1,1,1,1,0,0,0,0,0,0,4
deepcoder_taco_00663,60,4,4,4,1.0,1.0,1,1,1,1,0,0,0,0,0,0,4
deepcoder_taco_00663,60,5,4,4,1.0,1.0,1,1,1,1,0,0,0,0,0,0,4
deepcoder_taco_00663,60,6,4,4,1.0,1.0,1,1,1,1,0,0,0,0,0,0,4
deepcoder_taco_00663,60,7,4,1,0.25,0.55,1,0,0,0,0,0,0,3,0,0,1
deepcoder_taco_00340,61,0,4,0,0.0,0.0,0,0,0,0,0,0,0,4,0,0,0
deepcoder_taco_00340,61,1,4,0,0.0,0.0,0,0,0,0,0,0,0,3,1,0,0
deepcoder_taco_00340,61,2,4,0,0.0,0.0,0,0,0,0,0,0,0,2,2,0,0
deepcoder_taco_00340,61,3,4,0,0.0,0.0,0,0,0,0,0,0,0,2,2,0,0
deepcoder_taco_00340,61,4,4,0,0.0,0.0,0,0,0,0,0,0,0,4,0,0,0
deepcoder_taco_00340,61,5,4,1,0.25,0.25,1,0,0,0,0,0,0,1,2,0,1
deepcoder_taco_00340,61,6,4,1,0.25,0.25,1,0,0,0,0,0,0,2,1,0,1
deepcoder_taco_00340,61,7,4,3,0.75,0.75,1,1,1,0,0,0,0,0,1,0,3
deepcoder_taco_00726,62,0,4,0,0.0,0.0,0,0,0,0,0,0,0,0,2,2,0
deepcoder_taco_00726,62,1,4,0,0.0,0.0,0,0,0,0,0,0,0,4,0,0,0
deepcoder_taco_00726,62,2,4,0,0.0,0.0,0,0,0,0,0,0,0,3,1,0,0
deepcoder_taco_00726,62,3,4,0,0.0,0.025,0,0,0,0,0,0,0,1,3,0,0
deepcoder_taco_00726,62,4,4,0,0.0,0.0,0,0,0,0,0,0,0,1,3,0,0
deepcoder_taco_00726,62,5,4,0,0.0,0.0,0,0,0,0,0,0,0,2,0,2,0
deepcoder_taco_00726,62,6,4,0,0.0,0.0,0,0,0,0,0,0,0,3,1,0,0
deepcoder_taco_00726,62,7,4,0,0.0,0.0,0,0,0,0,0,0,0,2,2,0,0
deepcoder_taco_00437,63,0,4,0,0.0,0.0,0,0,0,0,0,0,0,4,0,0,0
deepcoder_taco_00437,63,1,4,1,0.25,0.25,1,0,0,0,0,0,0,1,2,0,1
deepcoder_taco_00437,63,2,4,3,0.75,0.75,1,1,1,0,0,0,0,1,0,0,3
deepcoder_taco_00437,63,3,4,0,0.0,0.0,0,0,0,0,0,0,0,2,2,0,0
deepcoder_taco_00437,63,4,4,2,0.5,0.5,1,1,0,0,0,0,0,0,2,0,2
deepcoder_taco_00437,63,5,4,0,0.0,0.0,0,0,0,0,0,0,0,4,0,0,0
deepcoder_taco_00437,63,6,4,0,0.0,0.0,0,0,0,0,0,0,0,2,2,0,0
deepcoder_taco_00437,63,7,4,0,0.0,0.0,0,0,0,0,0,0,0,2,2,0,0
deepcoder_taco_00412,64,0,4,0,0.0,0.0,0,0,0,0,0,0,0,0,3,1,0
deepcoder_taco_00412,64,1,4,0,0.0,0.0,0,0,0,0,0,0,0,0,4,0,0
deepcoder_taco_00412,64,2,4,0,0.0,0.0,0,0,0,0,0,0,0,0,4,0,0
deepcoder_taco_00412,64,3,4,0,0.0,0.0,0,0,0,0,0,0,0,0,4,0,0
deepcoder_taco_00412,64,4,4,0,0.0,0.0,0,0,0,0,0,0,0,0,4,0,0
deepcoder_taco_00412,64,5,4,0,0.0,0.0,0,0,0,0,0,0,0,0,4,0,0
deepcoder_taco_00412,64,6,4,0,0.0,0.0,0,0,0,0,0,0,0,1,2,1,0
deepcoder_taco_00412,64,7,4,0,0.0,0.0,0,0,0,0,0,0,0,0,4,0,0
deepcoder_taco_01010,65,0,4,0,0.0,0.0,0,0,0,0,0,0,0,4,0,0,0
deepcoder_taco_01010,65,1,4,1,0.25,0.325,1,0,0,0,0,0,0,3,0,0,1
deepcoder_taco_01010,65,2,4,0,0.0,0.0,0,0,0,0,0,0,0,0,1,3,0
deepcoder_taco_01010,65,3,4,0,0.0,0.0,0,0,0,0,0,0,0,4,0,0,0
deepcoder_taco_01010,65,4,4,0,0.0,0.0,0,0,0,0,0,0,0,1,1,2,0
deepcoder_taco_01010,65,5,4,0,0.0,0.075,0,0,0,0,0,0,0,4,0,0,0
deepcoder_taco_01010,65,6,4,0,0.0,0.0,0,0,0,0,0,0,0,4,0,0,0
deepcoder_taco_01010,65,7,4,2,0.5,0.5,1,1,0,0,0,0,0,2,0,0,2
deepcoder_taco_00377,66,0,4,0,0.0,0.1,0,0,0,0,0,0,0,3,1,0,0
deepcoder_taco_00377,66,1,4,0,0.0,0.225,0,0,0,0,0,0,0,0,2,2,0
deepcoder_taco_00377,66,2,4,0,0.0,0.0,0,0,0,0,0,0,0,0,2,2,0
deepcoder_taco_00377,66,3,4,0,0.0,0.1,0,0,0,0,0,0,0,3,1,0,0
deepcoder_taco_00377,66,4,4,0,0.0,0.225,0,0,0,0,0,0,0,1,2,1,0
deepcoder_taco_00377,66,5,4,0,0.0,0.375,0,0,0,0,0,0,0,2,0,2,0
deepcoder_taco_00377,66,6,4,0,0.0,0.1,0,0,0,0,0,0,0,3,1,0,0
deepcoder_taco_00377,66,7,4,1,0.25,0.25,1,0,0,0,0,0,0,1,1,1,1
deepcoder_taco_00020,67,0,4,0,0.0,0.0,0,0,0,0,0,0,0,2,2,0,0
deepcoder_taco_00020,67,1,4,0,0.0,0.0,0,0,0,0,0,0,0,3,0,1,0
deepcoder_taco_00020,67,2,4,0,0.0,0.05,0,0,0,0,0,0,0,3,1,0,0
deepcoder_taco_00020,67,3,4,0,0.0,0.0,0,0,0,0,0,0,0,2,1,1,0
deepcoder_taco_00020,67,4,4,0,0.0,0.0,0,0,0,0,0,0,0,2,2,0,0
deepcoder_taco_00020,67,5,4,0,0.0,0.0,0,0,0,0,0,0,0,1,2,1,0
deepcoder_taco_00020,67,6,4,0,0.0,0.0,0,0,0,0,0,0,0,3,1,0,0
deepcoder_taco_00020,67,7,4,0,0.0,0.0,0,0,0,0,0,0,0,2,2,0,0
deepcoder_taco_00231,68,0,4,0,0.0,0.0,0,0,0,0,0,0,0,2,2,0,0
deepcoder_taco_00231,68,1,4,0,0.0,0.1,0,0,0,0,0,0,0,2,2,0,0
deepcoder_taco_00231,68,2,4,0,0.0,0.1,0,0,0,0,0,0,0,2,2,0,0
deepcoder_taco_00231,68,3,4,0,0.0,0.0,0,0,0,0,0,0,0,2,2,0,0
deepcoder_taco_00231,68,4,4,0,0.0,0.0,0,0,0,0,0,0,0,3,1,0,0
deepcoder_taco_00231,68,5,4,0,0.0,0.2,0,0,0,0,0,0,0,3,1,0,0
deepcoder_taco_00231,68,6,4,0,0.0,0.0,0,0,0,0,0,0,0,1,3,0,0
deepcoder_taco_00231,68,7,4,0,0.0,0.0,0,0,0,0,0,0,0,3,1,0,0
deepcoder_taco_00001,69,0,4,0,0.0,0.0,0,0,0,0,0,0,0,0,4,0,0
deepcoder_taco_00001,69,1,4,0,0.0,0.0,0,0,0,0,0,0,0,3,1,0,0
deepcoder_taco_00001,69,2,4,0,0.0,0.0,0,0,0,0,0,0,0,3,1,0,0
deepcoder_taco_00001,69,3,4,0,0.0,0.0,0,0,0,0,0,0,0,1,3,0,0
deepcoder_taco_00001,69,4,4,0,0.0,0.0,0,0,0,0,0,0,0,1,3,0,0
deepcoder_taco_00001,69,5,4,0,0.0,0.025,0,0,0,0,0,0,0,2,2,0,0
deepcoder_taco_00001,69,6,4,0,0.0,0.0,0,0,0,0,0,0,0,0,4,0,0
deepcoder_taco_00001,69,7,4,0,0.0,0.0,0,0,0,0,0,0,0,0,4,0,0
deepcoder_taco_00044,70,0,4,0,0.0,0.0,0,0,0,0,0,0,0,4,0,0,0
deepcoder_taco_00044,70,1,4,0,0.0,0.0,0,0,0,0,0,0,0,4,0,0,0
deepcoder_taco_00044,70,2,4,0,0.0,0.0,0,0,0,0,0,0,0,4,0,0,0
deepcoder_taco_00044,70,3,4,0,0.0,0.0,0,0,0,0,0,0,0,3,1,0,0
deepcoder_taco_00044,70,4,4,0,0.0,0.0,0,0,0,0,0,0,0,4,0,0,0
deepcoder_taco_00044,70,5,4,0,0.0,0.0,0,0,0,0,0,0,0,4,0,0,0
deepcoder_taco_00044,70,6,4,0,0.0,0.0,0,0,0,0,0,0,0,3,1,0,0
deepcoder_taco_00044,70,7,4,0,0.0,0.0,0,0,0,0,0,0,0,4,0,0,0
deepcoder_taco_00330,71,0,4,0,0.0,0.125,0,0,0,0,0,0,0,0,4,0,0
deepcoder_taco_00330,71,1,4,0,0.0,0.075,0,0,0,0,0,0,0,1,3,0,0
deepcoder_taco_00330,71,2,4,0,0.0,0.025,0,0,0,0,0,0,0,0,2,2,0
deepcoder_taco_00330,71,3,4,0,0.0,0.275,0,0,0,0,0,0,0,0,4,0,0
deepcoder_taco_00330,71,4,4,0,0.0,0.2,0,0,0,0,0,0,0,0,3,1,0
deepcoder_taco_00330,71,5,4,0,0.0,0.2,0,0,0,0,0,0,0,0,3,1,0
deepcoder_taco_00330,71,6,4,0,0.0,0.30000000000000004,0,0,0,0,0,0,0,1,3,0,0
deepcoder_taco_00330,71,7,4,0,0.0,0.025,0,0,0,0,0,0,0,1,3,0,0
deepcoder_taco_00564,72,0,4,4,1.0,1.0,1,1,1,1,0,0,0,0,0,0,4
deepcoder_taco_00564,72,1,4,1,0.25,0.44999999999999996,1,0,0,0,0,0,0,2,1,0,1
deepcoder_taco_00564,72,2,4,1,0.25,0.5499999999999999,1,0,0,0,0,0,0,3,0,0,1
deepcoder_taco_00564,72,3,4,2,0.5,0.6,1,1,0,0,0,0,0,1,1,0,2
deepcoder_taco_00564,72,4,4,2,0.5,0.6,1,1,0,0,0,0,0,2,0,0,2
deepcoder_taco_00564,72,5,4,0,0.0,0.4,0,0,0,0,0,0,0,3,1,0,0
deepcoder_taco_00564,72,6,4,1,0.25,0.35,1,0,0,0,0,0,0,2,1,0,1
deepcoder_taco_00564,72,7,4,0,0.0,0.4,0,0,0,0,0,0,0,4,0,0,0
deepcoder_taco_00280,73,0,4,0,0.0,0.0,0,0,0,0,0,0,0,0,4,0,0
deepcoder_taco_00280,73,1,4,0,0.0,0.0,0,0,0,0,0,0,0,0,1,3,0
deepcoder_taco_00280,73,2,4,0,0.0,0.0,0,0,0,0,0,0,0,0,4,0,0
deepcoder_taco_00280,73,3,4,0,0.0,0.0,0,0,0,0,0,0,0,0,3,1,0
deepcoder_taco_00280,73,4,4,0,0.0,0.0,0,0,0,0,0,0,0,0,4,0,0
deepcoder_taco_00280,73,5,4,0,0.0,0.0,0,0,0,0,0,0,0,4,0,0,0
deepcoder_taco_00280,73,6,4,0,0.0,0.0,0,0,0,0,0,0,0,0,2,2,0
deepcoder_taco_00280,73,7,4,0,0.0,0.0,0,0,0,0,0,0,0,2,1,1,0
deepcoder_taco_00581,74,0,4,0,0.0,0.0,0,0,0,0,0,0,0,0,0,4,0
deepcoder_taco_00581,74,1,4,0,0.0,0.0,0,0,0,0,0,0,0,1,1,2,0
deepcoder_taco_00581,74,2,4,0,0.0,0.0,0,0,0,0,0,0,0,3,0,1,0
deepcoder_taco_00581,74,3,4,0,0.0,0.0,0,0,0,0,0,0,0,3,1,0,0
deepcoder_taco_00581,74,4,4,0,0.0,0.05,0,0,0,0,0,0,0,1,3,0,0
deepcoder_taco_00581,74,5,4,0,0.0,0.0,0,0,0,0,0,0,0,2,1,1,0
deepcoder_taco_00581,74,6,4,0,0.0,0.0,0,0,0,0,0,0,0,3,0,1,0
deepcoder_taco_00581,74,7,4,0,0.0,0.0,0,0,0,0,0,0,0,2,2,0,0
deepcoder_taco_01030,75,0,4,0,0.0,0.0,0,0,0,0,0,0,0,2,2,0,0
deepcoder_taco_01030,75,1,4,0,0.0,0.0,0,0,0,0,0,0,0,2,2,0,0
deepcoder_taco_01030,75,2,4,0,0.0,0.0,0,0,0,0,0,0,0,0,4,0,0
deepcoder_taco_01030,75,3,4,0,0.0,0.0,0,0,0,0,0,0,0,1,3,0,0
deepcoder_taco_01030,75,4,4,0,0.0,0.0,0,0,0,0,0,0,0,0,4,0,0
deepcoder_taco_01030,75,5,4,0,0.0,0.0,0,0,0,0,0,0,0,4,0,0,0
deepcoder_taco_01030,75,6,4,0,0.0,0.0,0,0,0,0,0,0,0,0,4,0,0
deepcoder_taco_01030,75,7,4,0,0.0,0.0,0,0,0,0,0,0,0,0,4,0,0
deepcoder_taco_00822,76,0,4,0,0.0,0.0,0,0,0,0,0,0,0,4,0,0,0
deepcoder_taco_00822,76,1,4,0,0.0,0.1,0,0,0,0,0,0,0,4,0,0,0
deepcoder_taco_00822,76,2,4,0,0.0,0.0,0,0,0,0,0,0,0,4,0,0,0
deepcoder_taco_00822,76,3,4,0,0.0,0.0,0,0,0,0,0,0,0,4,0,0,0
deepcoder_taco_00822,76,4,4,0,0.0,0.0,0,0,0,0,0,0,0,4,0,0,0
deepcoder_taco_00822,76,5,4,0,0.0,0.0,0,0,0,0,0,0,0,4,0,0,0
deepcoder_taco_00822,76,6,4,0,0.0,0.0,0,0,0,0,0,0,0,4,0,0,0
deepcoder_taco_00822,76,7,4,0,0.0,0.0,0,0,0,0,0,0,0,0,4,0,0
deepcoder_taco_01025,77,0,4,0,0.0,0.0,0,0,0,0,0,0,0,0,4,0,0
deepcoder_taco_01025,77,1,4,2,0.5,0.75,1,1,0,0,0,0,0,2,0,0,2
deepcoder_taco_01025,77,2,4,1,0.25,0.25,1,0,0,0,0,0,0,0,3,0,1
deepcoder_taco_01025,77,3,4,1,0.25,0.45,1,0,0,0,0,0,0,1,2,0,1
deepcoder_taco_01025,77,4,4,0,0.0,0.2,0,0,0,0,0,0,0,1,3,0,0
deepcoder_taco_01025,77,5,4,0,0.0,0.0,0,0,0,0,0,0,0,0,4,0,0
deepcoder_taco_01025,77,6,4,0,0.0,0.0,0,0,0,0,0,0,0,1,3,0,0
deepcoder_taco_01025,77,7,4,0,0.0,0.25,0,0,0,0,0,0,0,2,2,0,0
deepcoder_taco_00088,78,0,4,0,0.0,0.0,0,0,0,0,0,0,0,3,1,0,0
deepcoder_taco_00088,78,1,4,0,0.0,0.0,0,0,0,0,0,0,0,2,2,0,0
deepcoder_taco_00088,78,2,4,0,0.0,0.0,0,0,0,0,0,0,0,2,2,0,0
deepcoder_taco_00088,78,3,4,0,0.0,0.0,0,0,0,0,0,0,0,1,3,0,0
deepcoder_taco_00088,78,4,4,0,0.0,0.0,0,0,0,0,0,0,0,3,1,0,0
deepcoder_taco_00088,78,5,4,0,0.0,0.0,0,0,0,0,0,0,0,2,2,0,0
deepcoder_taco_00088,78,6,4,0,0.0,0.0,0,0,0,0,0,0,0,1,3,0,0
deepcoder_taco_00088,78,7,4,0,0.0,0.0,0,0,0,0,0,0,0,2,2,0,0
deepcoder_taco_01049,79,0,4,0,0.0,0.1,0,0,0,0,0,0,0,0,4,0,0
deepcoder_taco_01049,79,1,4,0,0.0,0.22499999999999998,0,0,0,0,0,0,0,1,2,1,0
deepcoder_taco_01049,79,2,4,0,0.0,0.1,0,0,0,0,0,0,0,0,4,0,0
deepcoder_taco_01049,79,3,4,0,0.0,0.05,0,0,0,0,0,0,0,1,3,0,0
deepcoder_taco_01049,79,4,4,0,0.0,0.0,0,0,0,0,0,0,0,0,0,4,0
deepcoder_taco_01049,79,5,4,0,0.0,0.1,0,0,0,0,0,0,0,1,3,0,0
deepcoder_taco_01049,79,6,4,0,0.0,0.1,0,0,0,0,0,0,0,0,4,0,0
deepcoder_taco_01049,79,7,4,0,0.0,0.1,0,0,0,0,0,0,0,0,4,0,0
deepcoder_taco_00909,80,0,4,0,0.0,0.0,0,0,0,0,0,0,0,4,0,0,0
deepcoder_taco_00909,80,1,4,0,0.0,0.0,0,0,0,0,0,0,0,2,2,0,0
deepcoder_taco_00909,80,2,4,0,0.0,0.05,0,0,0,0,0,0,0,4,0,0,0
deepcoder_taco_00909,80,3,4,0,0.0,0.05,0,0,0,0,0,0,0,4,0,0,0
deepcoder_taco_00909,80,4,4,0,0.0,0.05,0,0,0,0,0,0,0,4,0,0,0
deepcoder_taco_00909,80,5,4,0,0.0,0.025,0,0,0,0,0,0,0,4,0,0,0
deepcoder_taco_00909,80,6,4,0,0.0,0.05,0,0,0,0,0,0,0,4,0,0,0
deepcoder_taco_00909,80,7,4,0,0.0,0.0,0,0,0,0,0,0,0,3,1,0,0
deepcoder_taco_00583,81,0,4,0,0.0,0.0,0,0,0,0,0,0,0,3,1,0,0
deepcoder_taco_00583,81,1,4,0,0.0,0.0,0,0,0,0,0,0,0,4,0,0,0
deepcoder_taco_00583,81,2,4,0,0.0,0.0,0,0,0,0,0,0,0,3,1,0,0
deepcoder_taco_00583,81,3,4,1,0.25,0.25,1,0,0,0,0,0,0,3,0,0,1
deepcoder_taco_00583,81,4,4,0,0.0,0.0,0,0,0,0,0,0,0,3,1,0,0
deepcoder_taco_00583,81,5,4,0,0.0,0.025,0,0,0,0,0,0,0,3,0,1,0
deepcoder_taco_00583,81,6,4,0,0.0,0.0,0,0,0,0,0,0,0,4,0,0,0
deepcoder_taco_00583,81,7,4,1,0.25,0.25,1,0,0,0,0,0,0,2,1,0,1
deepcoder_taco_00203,82,0,4,0,0.0,0.0,0,0,0,0,0,0,0,3,1,0,0
deepcoder_taco_00203,82,1,4,0,0.0,0.0,0,0,0,0,0,0,0,2,1,1,0
deepcoder_taco_00203,82,2,4,0,0.0,0.0,0,0,0,0,0,0,0,1,3,0,0
deepcoder_taco_00203,82,3,4,0,0.0,0.0,0,0,0,0,0,0,0,1,3,0,0
deepcoder_taco_00203,82,4,4,0,0.0,0.0,0,0,0,0,0,0,0,1,3,0,0
deepcoder_taco_00203,82,5,4,0,0.0,0.0,0,0,0,0,0,0,0,2,1,1,0
deepcoder_taco_00203,82,6,4,0,0.0,0.0,0,0,0,0,0,0,0,1,2,1,0
deepcoder_taco_00203,82,7,4,0,0.0,0.0,0,0,0,0,0,0,0,2,2,0,0
deepcoder_taco_00967,83,0,4,0,0.0,0.3,0,0,0,0,0,0,0,0,0,4,0
deepcoder_taco_00967,83,1,4,0,0.0,0.15,0,0,0,0,0,0,0,0,1,3,0
deepcoder_taco_00967,83,2,4,0,0.0,0.3,0,0,0,0,0,0,0,2,0,2,0
deepcoder_taco_00967,83,3,4,0,0.0,0.55,0,0,0,0,0,0,0,0,0,4,0
deepcoder_taco_00967,83,4,4,0,0.0,0.0,0,0,0,0,0,0,0,4,0,0,0
deepcoder_taco_00967,83,5,4,0,0.0,0.15,0,0,0,0,0,0,0,0,0,4,0
deepcoder_taco_00967,83,6,4,0,0.0,0.0,0,0,0,0,0,0,0,4,0,0,0
deepcoder_taco_00967,83,7,4,0,0.0,0.0,0,0,0,0,0,0,0,4,0,0,0
deepcoder_taco_00229,84,0,4,0,0.0,0.2,0,0,0,0,0,0,0,4,0,0,0
deepcoder_taco_00229,84,1,4,0,0.0,0.1,0,0,0,0,0,0,0,4,0,0,0
deepcoder_taco_00229,84,2,4,0,0.0,0.15000000000000002,0,0,0,0,0,0,0,4,0,0,0
deepcoder_taco_00229,84,3,4,0,0.0,0.15000000000000002,0,0,0,0,0,0,0,4,0,0,0
deepcoder_taco_00229,84,4,4,0,0.0,0.0,0,0,0,0,0,0,0,4,0,0,0
deepcoder_taco_00229,84,5,4,0,0.0,0.0,0,0,0,0,0,0,0,0,0,4,0
deepcoder_taco_00229,84,6,4,0,0.0,0.2,0,0,0,0,0,0,0,4,0,0,0
deepcoder_taco_00229,84,7,4,0,0.0,0.1,0,0,0,0,0,0,0,4,0,0,0
deepcoder_taco_00881,85,0,4,0,0.0,0.275,0,0,0,0,0,0,0,3,1,0,0
deepcoder_taco_00881,85,1,4,0,0.0,0.475,0,0,0,0,0,0,0,4,0,0,0
deepcoder_taco_00881,85,2,4,0,0.0,0.4,0,0,0,0,0,0,0,4,0,0,0
deepcoder_taco_00881,85,3,4,0,0.0,0.45,0,0,0,0,0,0,0,3,1,0,0
deepcoder_taco_00881,85,4,4,0,0.0,0.7000000000000001,0,0,0,0,0,0,0,4,0,0,0
deepcoder_taco_00881,85,5,4,1,0.25,0.625,1,0,0,0,0,0,0,3,0,0,1
deepcoder_taco_00881,85,6,4,0,0.0,0.30000000000000004,0,0,0,0,0,0,0,4,0,0,0
deepcoder_taco_00881,85,7,4,0,0.0,0.42500000000000004,0,0,0,0,0,0,0,4,0,0,0
deepcoder_taco_01047,86,0,4,0,0.0,0.5,0,0,0,0,0,0,0,4,0,0,0
deepcoder_taco_01047,86,1,4,0,0.0,0.0,0,0,0,0,0,0,0,1,3,0,0
deepcoder_taco_01047,86,2,4,0,0.0,0.05,0,0,0,0,0,0,0,4,0,0,0
deepcoder_taco_01047,86,3,4,0,0.0,0.05,0,0,0,0,0,0,0,4,0,0,0
deepcoder_taco_01047,86,4,4,0,0.0,0.0,0,0,0,0,0,0,0,4,0,0,0
deepcoder_taco_01047,86,5,4,0,0.0,0.175,0,0,0,0,0,0,0,4,0,0,0
deepcoder_taco_01047,86,6,4,0,0.0,0.2,0,0,0,0,0,0,0,4,0,0,0
deepcoder_taco_01047,86,7,4,0,0.0,0.3,0,0,0,0,0,0,0,4,0,0,0
deepcoder_taco_00334,87,0,4,0,0.0,0.0,0,0,0,0,0,0,0,2,1,1,0
deepcoder_taco_00334,87,1,4,0,0.0,0.0,0,0,0,0,0,0,0,3,1,0,0
deepcoder_taco_00334,87,2,4,0,0.0,0.0,0,0,0,0,0,0,0,0,1,3,0
deepcoder_taco_00334,87,3,4,0,0.0,0.0,0,0,0,0,0,0,0,4,0,0,0
deepcoder_taco_00334,87,4,4,0,0.0,0.0,0,0,0,0,0,0,0,4,0,0,0
deepcoder_taco_00334,87,5,4,0,0.0,0.025,0,0,0,0,0,0,0,4,0,0,0
deepcoder_taco_00334,87,6,4,0,0.0,0.0,0,0,0,0,0,0,0,2,2,0,0
deepcoder_taco_00334,87,7,4,0,0.0,0.075,0,0,0,0,0,0,0,1,3,0,0
deepcoder_taco_00617,88,0,4,0,0.0,0.0,0,0,0,0,0,0,0,2,2,0,0
deepcoder_taco_00617,88,1,4,0,0.0,0.0,0,0,0,0,0,0,0,3,1,0,0
deepcoder_taco_00617,88,2,4,0,0.0,0.0,0,0,0,0,0,0,0,3,1,0,0
deepcoder_taco_00617,88,3,4,0,0.0,0.0,0,0,0,0,0,0,0,4,0,0,0
deepcoder_taco_00617,88,4,4,0,0.0,0.0,0,0,0,0,0,0,0,1,3,0,0
deepcoder_taco_00617,88,5,4,0,0.0,0.0,0,0,0,0,0,0,0,0,4,0,0
deepcoder_taco_00617,88,6,4,0,0.0,0.0,0,0,0,0,0,0,0,1,3,0,0
deepcoder_taco_00617,88,7,4,0,0.0,0.0,0,0,0,0,0,0,0,3,1,0,0
deepcoder_taco_00030,89,0,4,0,0.0,0.0,0,0,0,0,0,0,0,0,2,2,0
deepcoder_taco_00030,89,1,4,1,0.25,0.25,1,0,0,0,0,0,0,0,1,2,1
deepcoder_taco_00030,89,2,4,0,0.0,0.0,0,0,0,0,0,0,0,0,4,0,0
deepcoder_taco_00030,89,3,4,1,0.25,0.275,1,0,0,0,0,0,0,1,2,0,1
deepcoder_taco_00030,89,4,4,1,0.25,0.55,1,0,0,0,0,0,0,3,0,0,1
deepcoder_taco_00030,89,5,4,0,0.0,0.1,0,0,0,0,0,0,0,2,0,2,0
deepcoder_taco_00030,89,6,4,1,0.25,0.3,1,0,0,0,0,0,0,1,2,0,1
deepcoder_taco_00030,89,7,4,0,0.0,0.2,0,0,0,0,0,0,0,1,3,0,0
deepcoder_taco_00801,90,0,4,0,0.0,0.0,0,0,0,0,0,0,0,2,2,0,0
deepcoder_taco_00801,90,1,4,0,0.0,0.0,0,0,0,0,0,0,0,2,2,0,0
deepcoder_taco_00801,90,2,4,0,0.0,0.0,0,0,0,0,0,0,0,3,1,0,0
deepcoder_taco_00801,90,3,4,0,0.0,0.0,0,0,0,0,0,0,0,2,2,0,0
deepcoder_taco_00801,90,4,4,0,0.0,0.0,0,0,0,0,0,0,0,2,2,0,0
deepcoder_taco_00801,90,5,4,0,0.0,0.0,0,0,0,0,0,0,0,2,2,0,0
deepcoder_taco_00801,90,6,4,0,0.0,0.025,0,0,0,0,0,0,0,3,1,0,0
deepcoder_taco_00801,90,7,4,0,0.0,0.0,0,0,0,0,0,0,0,2,2,0,0
deepcoder_taco_00239,91,0,4,0,0.0,0.0,0,0,0,0,0,0,0,0,0,4,0
deepcoder_taco_00239,91,1,4,0,0.0,0.0,0,0,0,0,0,0,0,2,0,2,0
deepcoder_taco_00239,91,2,4,0,0.0,0.0,0,0,0,0,0,0,0,0,0,4,0
deepcoder_taco_00239,91,3,4,0,0.0,0.0,0,0,0,0,0,0,0,1,0,3,0
deepcoder_taco_00239,91,4,4,0,0.0,0.0,0,0,0,0,0,0,0,0,4,0,0
deepcoder_taco_00239,91,5,4,0,0.0,0.0,0,0,0,0,0,0,0,3,1,0,0
deepcoder_taco_00239,91,6,4,0,0.0,0.1,0,0,0,0,0,0,0,2,0,2,0
deepcoder_taco_00239,91,7,4,0,0.0,0.0,0,0,0,0,0,0,0,0,0,4,0
deepcoder_taco_00483,92,0,4,4,1.0,1.0,1,1,1,1,0,0,0,0,0,0,4
deepcoder_taco_00483,92,1,4,4,1.0,1.0,1,1,1,1,0,0,0,0,0,0,4
deepcoder_taco_00483,92,2,4,4,1.0,1.0,1,1,1,1,0,0,0,0,0,0,4
deepcoder_taco_00483,92,3,4,0,0.0,0.22499999999999998,0,0,0,0,0,0,0,3,1,0,0
deepcoder_taco_00483,92,4,4,4,1.0,1.0,1,1,1,1,0,0,0,0,0,0,4
deepcoder_taco_00483,92,5,4,4,1.0,1.0,1,1,1,1,0,0,0,0,0,0,4
deepcoder_taco_00483,92,6,4,4,1.0,1.0,1,1,1,1,0,0,0,0,0,0,4
deepcoder_taco_00483,92,7,4,4,1.0,1.0,1,1,1,1,0,0,0,0,0,0,4
deepcoder_taco_00605,93,0,4,1,0.25,0.25,1,0,0,0,0,0,0,2,0,1,1
deepcoder_taco_00605,93,1,4,0,0.0,0.0,0,0,0,0,0,0,0,3,1,0,0
deepcoder_taco_00605,93,2,4,2,0.5,0.5,1,1,0,0,0,0,0,2,0,0,2
deepcoder_taco_00605,93,3,4,0,0.0,0.0,0,0,0,0,0,0,0,4,0,0,0
deepcoder_taco_00605,93,4,4,0,0.0,0.0,0,0,0,0,0,0,0,3,1,0,0
deepcoder_taco_00605,93,5,4,0,0.0,0.0,0,0,0,0,0,0,0,4,0,0,0
deepcoder_taco_00605,93,6,4,0,0.0,0.0,0,0,0,0,0,0,0,1,0,3,0
deepcoder_taco_00605,93,7,4,3,0.75,0.75,1,1,1,0,0,0,0,1,0,0,3
deepcoder_taco_00040,94,0,4,0,0.0,0.0,0,0,0,0,0,0,0,1,3,0,0
deepcoder_taco_00040,94,1,4,0,0.0,0.0,0,0,0,0,0,0,0,0,4,0,0
deepcoder_taco_00040,94,2,4,0,0.0,0.0,0,0,0,0,0,0,0,1,3,0,0
deepcoder_taco_00040,94,3,4,0,0.0,0.0,0,0,0,0,0,0,0,2,2,0,0
deepcoder_taco_00040,94,4,4,0,0.0,0.0,0,0,0,0,0,0,0,2,2,0,0
deepcoder_taco_00040,94,5,4,0,0.0,0.0,0,0,0,0,0,0,0,1,3,0,0
deepcoder_taco_00040,94,6,4,0,0.0,0.0,0,0,0,0,0,0,0,3,1,0,0
deepcoder_taco_00040,94,7,4,0,0.0,0.0,0,0,0,0,0,0,0,3,1,0,0
deepcoder_taco_01069,95,0,4,0,0.0,0.15,0,0,0,0,0,0,0,1,3,0,0
deepcoder_taco_01069,95,1,4,0,0.0,0.15,0,0,0,0,0,0,0,1,3,0,0
deepcoder_taco_01069,95,2,4,0,0.0,0.025,0,0,0,0,0,0,0,0,4,0,0
deepcoder_taco_01069,95,3,4,0,0.0,0.275,0,0,0,0,0,0,0,3,1,0,0
deepcoder_taco_01069,95,4,4,0,0.0,0.2,0,0,0,0,0,0,0,4,0,0,0
deepcoder_taco_01069,95,5,4,0,0.0,0.05,0,0,0,0,0,0,0,2,2,0,0
deepcoder_taco_01069,95,6,4,0,0.0,0.15000000000000002,0,0,0,0,0,0,0,3,1,0,0
deepcoder_taco_01069,95,7,4,0,0.0,0.2,0,0,0,0,0,0,0,1,3,0,0
deepcoder_taco_00451,96,0,4,0,0.0,0.0,0,0,0,0,0,0,0,2,2,0,0
deepcoder_taco_00451,96,1,4,1,0.25,0.25,1,0,0,0,0,0,0,3,0,0,1
deepcoder_taco_00451,96,2,4,0,0.0,0.0,0,0,0,0,0,0,0,4,0,0,0
deepcoder_taco_00451,96,3,4,0,0.0,0.0,0,0,0,0,0,0,0,2,2,0,0
deepcoder_taco_00451,96,4,4,0,0.0,0.0,0,0,0,0,0,0,0,2,2,0,0
deepcoder_taco_00451,96,5,4,1,0.25,0.25,1,0,0,0,0,0,0,1,2,0,1
deepcoder_taco_00451,96,6,4,3,0.75,0.75,1,1,1,0,0,0,0,1,0,0,3
deepcoder_taco_00451,96,7,4,0,0.0,0.0,0,0,0,0,0,0,0,0,4,0,0
deepcoder_taco_00691,97,0,4,0,0.0,0.75,0,0,0,0,0,0,0,4,0,0,0
deepcoder_taco_00691,97,1,4,0,0.0,0.35,0,0,0,0,0,0,0,4,0,0,0
deepcoder_taco_00691,97,2,4,2,0.5,0.65,1,1,0,0,0,0,0,1,1,0,2
deepcoder_taco_00691,97,3,4,0,0.0,0.2,0,0,0,0,0,0,0,1,3,0,0
deepcoder_taco_00691,97,4,4,0,0.0,0.3,0,0,0,0,0,0,0,2,2,0,0
deepcoder_taco_00691,97,5,4,0,0.0,0.75,0,0,0,0,0,0,0,4,0,0,0
deepcoder_taco_00691,97,6,4,0,0.0,0.2,0,0,0,0,0,0,0,1,3,0,0
deepcoder_taco_00691,97,7,4,0,0.0,0.7000000000000001,0,0,0,0,0,0,0,4,0,0,0
deepcoder_taco_00339,98,0,4,4,1.0,1.0,1,1,1,1,0,0,0,0,0,0,4
deepcoder_taco_00339,98,1,4,4,1.0,1.0,1,1,1,1,0,0,0,0,0,0,4
deepcoder_taco_00339,98,2,4,4,1.0,1.0,1,1,1,1,0,0,0,0,0,0,4
deepcoder_taco_00339,98,3,4,4,1.0,1.0,1,1,1,1,0,0,0,0,0,0,4
deepcoder_taco_00339,98,4,4,4,1.0,1.0,1,1,1,1,0,0,0,0,0,0,4
deepcoder_taco_00339,98,5,4,4,1.0,1.0,1,1,1,1,0,0,0,0,0,0,4
deepcoder_taco_00339,98,6,4,4,1.0,1.0,1,1,1,1,0,0,0,0,0,0,4
deepcoder_taco_00339,98,7,4,4,1.0,1.0,1,1,1,1,0,0,0,0,0,0,4
deepcoder_taco_00973,99,0,4,0,0.0,0.05,0,0,0,0,0,0,0,1,3,0,0
deepcoder_taco_00973,99,1,4,0,0.0,0.05,0,0,0,0,0,0,0,0,3,1,0
deepcoder_taco_00973,99,2,4,0,0.0,0.325,0,0,0,0,0,0,0,3,1,0,0
deepcoder_taco_00973,99,3,4,0,0.0,0.22499999999999998,0,0,0,0,0,0,0,4,0,0,0
deepcoder_taco_00973,99,4,4,0,0.0,0.15,0,0,0,0,0,0,0,2,2,0,0
deepcoder_taco_00973,99,5,4,0,0.0,0.15000000000000002,0,0,0,0,0,0,0,4,0,0,0
deepcoder_taco_00973,99,6,4,0,0.0,0.0,0,0,0,0,0,0,0,0,4,0,0
deepcoder_taco_00973,99,7,4,0,0.0,0.22500000000000003,0,0,0,0,0,0,0,2,1,1,0
